cycle,pc,if_pc,addr,hit,ml_busy,ml_done,pf_req,pf_addr,pf_accepted,pf_filled,pf_filled_addr,cache_stall,cache_pf_req,cache_pf_addr,pattern
6,8,20,0,0,0,0,0,0,0,0,0,1,0,0,1
9,8,24,0,1,0,0,0,0,0,0,0,0,0,0,2
16,8,24,0,1,0,0,0,0,0,0,0,0,0,0,2
23,8,24,0,1,0,0,0,0,0,0,0,0,0,0,2
30,8,24,0,1,0,0,0,0,0,0,0,0,0,0,2
37,8,24,0,1,0,0,0,0,0,0,0,0,0,0,2
44,8,24,0,1,0,0,0,0,0,0,0,0,0,0,2
51,8,24,0,1,0,0,0,0,0,0,0,0,0,0,2
57,32,48,0,1,0,0,0,0,0,0,0,0,0,0,2
59,40,52,4,0,1,0,0,0,0,0,0,1,0,0,2
62,40,56,4,1,1,0,0,0,0,0,0,0,0,0,2
63,48,60,4,1,1,0,0,0,0,0,0,0,0,0,2
64,48,64,4,1,1,0,0,0,0,0,0,0,0,0,3
71,32,48,0,1,1,0,0,0,0,0,0,0,0,0,2
73,40,56,4,1,1,0,0,0,0,0,0,0,0,0,2
75,48,60,8,0,1,0,0,0,0,0,0,1,0,0,2
78,48,64,8,1,1,0,0,0,0,0,0,0,0,0,3
85,32,48,0,1,1,0,0,0,0,0,0,0,0,0,2
87,40,56,4,1,1,0,0,0,0,0,0,0,0,0,2
89,48,64,8,1,1,0,0,0,0,0,0,0,0,0,3
95,72,88,0,1,1,0,0,0,0,0,0,0,0,0,3
97,80,92,16,0,1,0,0,0,0,0,0,1,0,0,3
100,80,96,16,1,1,0,0,0,0,0,0,0,0,0,3
101,88,100,16,1,1,0,0,0,0,0,0,0,0,0,3
102,88,104,16,1,1,0,0,0,0,0,0,0,0,0,3
104,96,108,12,0,1,0,0,0,0,0,0,1,0,0,0
107,96,112,12,1,1,0,0,0,0,0,0,0,0,0,0
113,72,88,12,1,1,0,0,0,0,0,0,0,0,0,3
115,80,92,28,0,1,0,0,0,0,0,0,1,0,0,3
118,80,96,28,1,1,0,0,0,0,0,0,0,0,0,3
119,88,100,28,1,1,0,0,0,0,0,0,0,0,0,3
120,88,104,28,1,1,0,0,0,0,0,0,0,0,0,3
122,96,108,24,0,1,0,0,0,0,0,0,1,0,0,0
125,96,112,24,1,1,0,0,0,0,0,0,0,0,0,0
131,72,88,24,1,1,0,0,0,0,0,0,0,0,0,3
133,80,92,40,0,1,0,0,0,0,0,0,1,0,0,3
136,80,96,40,1,1,0,0,0,0,0,0,0,0,0,3
137,88,100,40,1,1,0,0,0,0,0,0,0,0,0,3
138,88,104,40,1,1,0,0,0,0,0,0,0,0,0,3
140,96,108,36,0,1,0,0,0,0,0,0,1,0,0,0
143,96,112,36,1,1,0,0,0,0,0,0,0,0,0,0
149,72,88,36,1,1,0,0,0,0,0,0,0,0,0,3
151,80,92,52,0,1,0,0,0,0,0,0,1,0,0,3
154,80,96,52,1,1,0,0,0,0,0,0,0,0,0,3
155,88,100,52,1,1,0,0,0,0,0,0,0,0,0,3
156,88,104,52,1,1,0,0,0,0,0,0,0,0,0,3
158,96,108,48,0,1,0,0,0,0,0,0,1,0,0,0
161,96,112,48,1,1,0,0,0,0,0,0,0,0,0,0
167,72,88,48,1,1,0,0,0,0,0,0,0,0,0,3
169,80,92,64,0,1,0,0,0,0,0,0,1,0,0,3
172,80,96,64,1,1,0,0,0,0,0,0,0,0,0,3
173,88,100,64,1,1,0,0,0,0,0,0,0,0,0,3
174,88,104,64,1,1,0,0,0,0,0,0,0,0,0,3
176,96,108,60,0,1,0,0,0,0,0,0,1,0,0,0
179,96,112,60,1,1,0,0,0,0,0,0,0,0,0,0
185,72,88,60,1,1,0,0,0,0,0,0,0,0,0,3
187,80,92,76,0,1,0,0,0,0,0,0,1,0,0,3
190,80,96,76,1,1,0,0,0,0,0,0,0,0,0,3
191,88,100,76,1,1,0,0,0,0,0,0,0,0,0,3
192,88,104,76,1,1,0,0,0,0,0,0,0,0,0,3
194,96,108,72,0,1,0,0,0,0,0,0,1,0,0,0
197,96,112,72,1,1,0,0,0,0,0,0,0,0,0,0
203,72,88,72,1,1,0,0,0,0,0,0,0,0,0,3
205,80,92,88,0,1,0,0,0,0,0,0,1,0,0,3
208,80,96,88,1,1,0,0,0,0,0,0,0,0,0,3
209,88,100,88,1,1,0,0,0,0,0,0,0,0,0,3
210,88,104,88,1,1,0,0,0,0,0,0,0,0,0,3
212,96,108,84,0,1,0,0,0,0,0,0,1,0,0,0
215,96,112,84,1,1,0,0,0,0,0,0,0,0,0,0
221,72,88,84,1,1,0,0,0,0,0,0,0,0,0,3
223,80,92,100,0,1,0,0,0,0,0,0,1,0,0,3
226,80,96,100,1,1,0,0,0,0,0,0,0,0,0,3
227,88,100,100,1,1,0,0,0,0,0,0,0,0,0,3
228,88,104,100,1,1,0,0,0,0,0,0,0,0,0,3
230,96,108,96,0,1,0,0,0,0,0,0,1,0,0,0
233,96,112,96,1,1,0,0,0,0,0,0,0,0,0,0
239,72,88,96,1,1,0,0,0,0,0,0,0,0,0,3
241,80,92,112,0,1,0,0,0,0,0,0,1,0,0,3
244,80,96,112,1,1,0,0,0,0,0,0,0,0,0,3
245,88,100,112,1,1,0,0,0,0,0,0,0,0,0,3
246,88,104,112,1,1,0,0,0,0,0,0,0,0,0,3
248,96,108,108,0,1,0,0,0,0,0,0,1,0,0,0
251,96,112,108,1,1,0,0,0,0,0,0,0,0,0,0
257,72,88,108,1,1,0,0,0,0,0,0,0,0,0,3
259,80,92,124,0,1,0,0,0,0,0,0,1,0,0,3
262,80,96,124,1,1,0,0,0,0,0,0,0,0,0,3
263,88,100,124,1,1,0,0,0,0,0,0,0,0,0,3
264,88,104,124,1,1,0,0,0,0,0,0,0,0,0,3
266,96,108,120,0,1,0,0,0,0,0,0,1,0,0,0
269,96,112,120,1,1,0,0,0,0,0,0,0,0,0,0
275,72,88,120,1,1,0,0,0,0,0,0,0,0,0,3
277,80,92,136,0,1,0,0,0,0,0,0,1,0,0,3
280,80,96,136,1,1,0,0,0,0,0,0,0,0,0,3
281,88,100,136,1,1,0,0,0,0,0,0,0,0,0,3
282,88,104,136,1,1,0,0,0,0,0,0,0,0,0,3
284,96,108,132,0,1,0,0,0,0,0,0,1,0,0,0
287,96,112,132,1,1,0,0,0,0,0,0,0,0,0,0
293,72,88,132,1,1,0,0,0,0,0,0,0,0,0,3
295,80,92,148,0,1,0,0,0,0,0,0,1,0,0,3
298,80,96,148,1,1,0,0,0,0,0,0,0,0,0,3
299,88,100,148,1,1,0,0,0,0,0,0,0,0,0,3
300,88,104,148,1,1,0,0,0,0,0,0,0,0,0,3
302,96,108,144,0,1,0,0,0,0,0,0,1,0,0,0
305,96,112,144,1,1,0,0,0,0,0,0,0,0,0,0
311,72,88,144,1,1,0,0,0,0,0,0,0,0,0,3
313,80,92,160,0,1,0,0,0,0,0,0,1,0,0,3
316,80,96,160,1,1,0,0,0,0,0,0,0,0,0,3
317,88,100,160,1,1,0,0,0,0,0,0,0,0,0,3
318,88,104,160,1,1,0,0,0,0,0,0,0,0,0,3
320,96,108,156,0,1,0,0,0,0,0,0,1,0,0,0
323,96,112,156,1,1,0,0,0,0,0,0,0,0,0,0
329,72,88,156,1,1,0,0,0,0,0,0,0,0,0,3
331,80,92,172,0,1,0,0,0,0,0,0,1,0,0,3
334,80,96,172,1,1,0,0,0,0,0,0,0,0,0,3
335,88,100,172,1,1,0,0,0,0,0,0,0,0,0,3
336,88,104,172,1,1,0,0,0,0,0,0,0,0,0,3
338,96,108,168,0,1,0,0,0,0,0,0,1,0,0,0
341,96,112,168,1,1,0,0,0,0,0,0,0,0,0,0
347,72,88,168,1,1,0,0,0,0,0,0,0,0,0,3
349,80,92,184,0,1,0,0,0,0,0,0,1,0,0,3
352,80,96,184,1,1,0,0,0,0,0,0,0,0,0,3
353,88,100,184,1,1,0,0,0,0,0,0,0,0,0,3
354,88,104,184,1,1,0,0,0,0,0,0,0,0,0,3
356,96,108,180,0,1,0,0,0,0,0,0,1,0,0,0
359,96,112,180,1,1,0,0,0,0,0,0,0,0,0,0
365,72,88,180,1,1,0,0,0,0,0,0,0,0,0,3
367,80,92,196,0,1,0,0,0,0,0,0,1,0,0,3
370,80,96,196,1,1,0,0,0,0,0,0,0,0,0,3
371,88,100,196,1,1,0,0,0,0,0,0,0,0,0,3
372,88,104,196,1,1,0,0,0,0,0,0,0,0,0,3
374,96,108,192,0,1,0,0,0,0,0,0,1,0,0,0
377,96,112,192,1,1,0,0,0,0,0,0,0,0,0,0
383,72,88,192,1,1,0,0,0,0,0,0,0,0,0,3
385,80,92,208,0,1,0,0,0,0,0,0,1,0,0,3
388,80,96,208,1,1,0,0,0,0,0,0,0,0,0,3
389,88,100,208,1,1,0,0,0,0,0,0,0,0,0,3
390,88,104,208,1,1,0,0,0,0,0,0,0,0,0,3
392,96,108,204,0,1,0,0,0,0,0,0,1,0,0,0
395,96,112,204,1,1,0,0,0,0,0,0,0,0,0,0
401,72,88,204,1,1,0,0,0,0,0,0,0,0,0,3
403,80,92,220,0,1,0,0,0,0,0,0,1,0,0,3
406,80,96,220,1,1,0,0,0,0,0,0,0,0,0,3
407,88,100,220,1,1,0,0,0,0,0,0,0,0,0,3
408,88,104,220,1,1,0,0,0,0,0,0,0,0,0,3
410,96,108,216,0,1,0,0,0,0,0,0,1,0,0,0
413,96,112,216,1,1,0,0,0,0,0,0,0,0,0,0
419,72,88,216,1,1,0,0,0,0,0,0,0,0,0,3
421,80,92,232,0,1,0,0,0,0,0,0,1,0,0,3
424,80,96,232,1,1,0,0,0,0,0,0,0,0,0,3
425,88,100,232,1,1,0,0,0,0,0,0,0,0,0,3
426,88,104,232,1,1,0,0,0,0,0,0,0,0,0,3
428,96,108,228,0,1,0,0,0,0,0,0,1,0,0,0
431,96,112,228,1,1,0,0,0,0,0,0,0,0,0,0
437,72,88,228,1,1,0,0,0,0,0,0,0,0,0,3
439,80,92,244,0,1,0,0,0,0,0,0,1,0,0,3
442,80,96,244,1,1,0,0,0,0,0,0,0,0,0,3
443,88,100,244,1,1,0,0,0,0,0,0,0,0,0,3
444,88,104,244,1,1,0,0,0,0,0,0,0,0,0,3
446,96,108,240,0,1,0,0,0,0,0,0,1,0,0,0
449,96,112,240,1,1,0,0,0,0,0,0,0,0,0,0
455,72,88,240,1,1,0,0,0,0,0,0,0,0,0,3
457,80,92,256,0,1,0,0,0,0,0,0,1,0,0,3
460,80,96,256,1,1,0,0,0,0,0,0,0,0,0,3
461,88,100,256,1,1,0,0,0,0,0,0,0,0,0,3
462,88,104,256,1,1,0,0,0,0,0,0,0,0,0,3
464,96,108,252,0,1,0,0,0,0,0,0,1,0,0,0
467,96,112,252,1,1,0,0,0,0,0,0,0,0,0,0
473,72,88,252,1,1,0,0,0,0,0,0,0,0,0,3
475,80,92,268,0,1,0,0,0,0,0,0,1,0,0,3
478,80,96,268,1,1,0,0,0,0,0,0,0,0,0,3
479,88,100,268,1,1,0,0,0,0,0,0,0,0,0,3
480,88,104,268,1,1,0,0,0,0,0,0,0,0,0,3
482,96,108,264,0,1,0,0,0,0,0,0,1,0,0,0
485,96,112,264,1,1,0,0,0,0,0,0,0,0,0,0
491,72,88,264,1,1,0,0,0,0,0,0,0,0,0,3
493,80,92,280,0,1,0,0,0,0,0,0,1,0,0,3
496,80,96,280,1,1,0,0,0,0,0,0,0,0,0,3
497,88,100,280,1,1,0,0,0,0,0,0,0,0,0,3
498,88,104,280,1,1,0,0,0,0,0,0,0,0,0,3
500,96,108,276,0,1,0,0,0,0,0,0,1,0,0,0
503,96,112,276,1,1,0,0,0,0,0,0,0,0,0,0
509,72,88,276,1,1,0,0,0,0,0,0,0,0,0,3
511,80,92,292,0,1,0,0,0,0,0,0,1,0,0,3
514,80,96,292,1,1,0,0,0,0,0,0,0,0,0,3
515,88,100,292,1,1,0,0,0,0,0,0,0,0,0,3
516,88,104,292,1,1,0,0,0,0,0,0,0,0,0,3
518,96,108,288,0,1,0,0,0,0,0,0,1,0,0,0
521,96,112,288,1,1,0,0,0,0,0,0,0,0,0,0
527,72,88,288,1,1,0,0,0,0,0,0,0,0,0,3
529,80,92,304,0,1,0,0,0,0,0,0,1,0,0,3
532,80,96,304,1,1,0,0,0,0,0,0,0,0,0,3
533,88,100,304,1,1,0,0,0,0,0,0,0,0,0,3
534,88,104,304,1,1,0,0,0,0,0,0,0,0,0,3
536,96,108,300,0,1,0,0,0,0,0,0,1,0,0,0
539,96,112,300,1,1,0,0,0,0,0,0,0,0,0,0
545,72,88,300,1,1,0,0,0,0,0,0,0,0,0,3
547,80,92,316,0,1,0,0,0,0,0,0,1,0,0,3
550,80,96,316,1,1,0,0,0,0,0,0,0,0,0,3
551,88,100,316,1,1,0,0,0,0,0,0,0,0,0,3
552,88,104,316,1,1,0,0,0,0,0,0,0,0,0,3
554,96,108,312,0,1,0,0,0,0,0,0,1,0,0,0
557,96,112,312,1,1,0,0,0,0,0,0,0,0,0,0
563,72,88,312,1,1,0,0,0,0,0,0,0,0,0,3
565,80,92,328,0,1,0,0,0,0,0,0,1,0,0,3
568,80,96,328,1,1,0,0,0,0,0,0,0,0,0,3
569,88,100,328,1,1,0,0,0,0,0,0,0,0,0,3
570,88,104,328,1,1,0,0,0,0,0,0,0,0,0,3
572,96,108,324,0,1,0,0,0,0,0,0,1,0,0,0
575,96,112,324,1,1,0,0,0,0,0,0,0,0,0,0
581,72,88,324,1,1,0,0,0,0,0,0,0,0,0,3
583,80,92,340,0,1,0,0,0,0,0,0,1,0,0,3
586,80,96,340,1,1,0,0,0,0,0,0,0,0,0,3
587,88,100,340,1,1,0,0,0,0,0,0,0,0,0,3
588,88,104,340,1,1,0,0,0,0,0,0,0,0,0,3
590,96,108,336,0,1,0,0,0,0,0,0,1,0,0,0
593,96,112,336,1,1,0,0,0,0,0,0,0,0,0,0
599,72,88,336,1,1,0,0,0,0,0,0,0,0,0,3
601,80,92,352,0,1,0,0,0,0,0,0,1,0,0,3
604,80,96,352,1,1,0,0,0,0,0,0,0,0,0,3
605,88,100,352,1,1,0,0,0,0,0,0,0,0,0,3
606,88,104,352,1,1,0,0,0,0,0,0,0,0,0,3
608,96,108,348,0,1,0,0,0,0,0,0,1,0,0,0
611,96,112,348,1,1,0,0,0,0,0,0,0,0,0,0
617,72,88,348,1,1,0,0,0,0,0,0,0,0,0,3
619,80,92,364,0,1,0,0,0,0,0,0,1,0,0,3
622,80,96,364,1,1,0,0,0,0,0,0,0,0,0,3
623,88,100,364,1,1,0,0,0,0,0,0,0,0,0,3
624,88,104,364,1,1,0,0,0,0,0,0,0,0,0,3
626,96,108,360,0,1,0,0,0,0,0,0,1,0,0,0
629,96,112,360,1,1,0,0,0,0,0,0,0,0,0,0
635,72,88,360,1,1,0,0,0,0,0,0,0,0,0,3
637,80,92,376,0,1,0,0,0,0,0,0,1,0,0,3
640,80,96,376,1,1,0,0,0,0,0,0,0,0,0,3
641,88,100,376,1,1,0,0,0,0,0,0,0,0,0,3
642,88,104,376,1,1,0,0,0,0,0,0,0,0,0,3
644,96,108,372,0,1,0,0,0,0,0,0,1,0,0,0
647,96,112,372,1,1,0,0,0,0,0,0,0,0,0,0
653,72,88,372,1,1,0,0,0,0,0,0,0,0,0,3
655,80,92,388,0,1,0,0,0,0,0,0,1,0,0,3
658,80,96,388,1,1,0,0,0,0,0,0,0,0,0,3
659,88,100,388,1,1,0,0,0,0,0,0,0,0,0,3
660,88,104,388,1,1,0,0,0,0,0,0,0,0,0,3
662,96,108,384,0,1,0,0,0,0,0,0,1,0,0,0
665,96,112,384,1,1,0,0,0,0,0,0,0,0,0,0
671,72,88,384,1,1,0,0,0,0,0,0,0,0,0,3
673,80,92,400,0,1,0,0,0,0,0,0,1,0,0,3
676,80,96,400,1,1,0,0,0,0,0,0,0,0,0,3
677,88,100,400,1,1,0,0,0,0,0,0,0,0,0,3
678,88,104,400,1,1,0,0,0,0,0,0,0,0,0,3
680,96,108,396,0,1,0,0,0,0,0,0,1,0,0,0
683,96,112,396,1,1,0,0,0,0,0,0,0,0,0,0
689,72,88,396,1,1,0,0,0,0,0,0,0,0,0,3
691,80,92,412,0,1,0,0,0,0,0,0,1,0,0,3
694,80,96,412,1,1,0,0,0,0,0,0,0,0,0,3
695,88,100,412,1,1,0,0,0,0,0,0,0,0,0,3
696,88,104,412,1,1,0,0,0,0,0,0,0,0,0,3
698,96,108,408,0,1,0,0,0,0,0,0,1,0,0,0
701,96,112,408,1,1,0,0,0,0,0,0,0,0,0,0
707,72,88,408,1,1,0,0,0,0,0,0,0,0,0,3
709,80,92,424,0,1,0,0,0,0,0,0,1,0,0,3
712,80,96,424,1,1,0,0,0,0,0,0,0,0,0,3
713,88,100,424,1,1,0,0,0,0,0,0,0,0,0,3
714,88,104,424,1,1,0,0,0,0,0,0,0,0,0,3
716,96,108,420,0,1,0,0,0,0,0,0,1,0,0,0
719,96,112,420,1,1,0,0,0,0,0,0,0,0,0,0
725,72,88,420,1,1,0,0,0,0,0,0,0,0,0,3
727,80,92,436,0,1,0,0,0,0,0,0,1,0,0,3
730,80,96,436,1,1,0,0,0,0,0,0,0,0,0,3
731,88,100,436,1,1,0,0,0,0,0,0,0,0,0,3
732,88,104,436,1,1,0,0,0,0,0,0,0,0,0,3
734,96,108,432,0,1,0,0,0,0,0,0,1,0,0,0
737,96,112,432,1,1,0,0,0,0,0,0,0,0,0,0
743,72,88,432,1,1,0,0,0,0,0,0,0,0,0,3
745,80,92,448,0,1,0,0,0,0,0,0,1,0,0,3
748,80,96,448,1,1,0,0,0,0,0,0,0,0,0,3
749,88,100,448,1,1,0,0,0,0,0,0,0,0,0,3
750,88,104,448,1,1,0,0,0,0,0,0,0,0,0,3
752,96,108,444,0,1,0,0,0,0,0,0,1,0,0,0
755,96,112,444,1,1,0,0,0,0,0,0,0,0,0,0
761,72,88,444,1,1,0,0,0,0,0,0,0,0,0,3
763,80,92,460,0,1,0,0,0,0,0,0,1,0,0,3
766,80,96,460,1,1,0,0,0,0,0,0,0,0,0,3
767,88,100,460,1,1,0,0,0,0,0,0,0,0,0,3
768,88,104,460,1,1,0,0,0,0,0,0,0,0,0,3
770,96,108,456,0,1,0,0,0,0,0,0,1,0,0,0
773,96,112,456,1,1,0,0,0,0,0,0,0,0,0,0
779,72,88,456,1,1,0,0,0,0,0,0,0,0,0,3
781,80,92,472,0,1,0,0,0,0,0,0,1,0,0,3
784,80,96,472,1,1,0,0,0,0,0,0,0,0,0,3
785,88,100,472,1,1,0,0,0,0,0,0,0,0,0,3
786,88,104,472,1,1,0,0,0,0,0,0,0,0,0,3
788,96,108,468,0,1,0,0,0,0,0,0,1,0,0,0
791,96,112,468,1,1,0,0,0,0,0,0,0,0,0,0
797,72,88,468,1,1,0,0,0,0,0,0,0,0,0,3
799,80,92,484,0,1,0,0,0,0,0,0,1,0,0,3
802,80,96,484,1,1,0,0,0,0,0,0,0,0,0,3
803,88,100,484,1,1,0,0,0,0,0,0,0,0,0,3
804,88,104,484,1,1,0,0,0,0,0,0,0,0,0,3
806,96,108,480,0,1,0,0,0,0,0,0,1,0,0,0
809,96,112,480,1,1,0,0,0,0,0,0,0,0,0,0
815,72,88,480,1,1,0,0,0,0,0,0,0,0,0,3
817,80,92,496,0,1,0,0,0,0,0,0,1,0,0,3
820,80,96,496,1,1,0,0,0,0,0,0,0,0,0,3
821,88,100,496,1,1,0,0,0,0,0,0,0,0,0,3
822,88,104,496,1,1,0,0,0,0,0,0,0,0,0,3
824,96,108,492,0,1,0,0,0,0,0,0,1,0,0,0
827,96,112,492,1,1,0,0,0,0,0,0,0,0,0,0
833,72,88,492,1,1,0,0,0,0,0,0,0,0,0,3
835,80,92,508,0,1,0,0,0,0,0,0,1,0,0,3
838,80,96,508,1,1,0,0,0,0,0,0,0,0,0,3
839,88,100,508,1,1,0,0,0,0,0,0,0,0,0,3
840,88,104,508,1,1,0,0,0,0,0,0,0,0,0,3
842,96,108,504,0,1,0,0,0,0,0,0,1,0,0,0
845,96,112,504,1,1,0,0,0,0,0,0,0,0,0,0
851,72,88,504,1,1,0,0,0,0,0,0,0,0,0,3
853,80,92,520,0,1,0,0,0,0,0,0,1,0,0,3
856,80,96,520,1,1,0,0,0,0,0,0,0,0,0,3
857,88,100,520,1,1,0,0,0,0,0,0,0,0,0,3
858,88,104,520,1,1,0,0,0,0,0,0,0,0,0,3
860,96,108,516,0,1,0,0,0,0,0,0,1,0,0,0
863,96,112,516,1,1,0,0,0,0,0,0,0,0,0,0
869,72,88,516,1,1,0,0,0,0,0,0,0,0,0,3
871,80,92,532,0,1,0,0,0,0,0,0,1,0,0,3
874,80,96,532,1,1,0,0,0,0,0,0,0,0,0,3
875,88,100,532,1,1,0,0,0,0,0,0,0,0,0,3
876,88,104,532,1,1,0,0,0,0,0,0,0,0,0,3
878,96,108,528,0,1,0,0,0,0,0,0,1,0,0,0
881,96,112,528,1,1,0,0,0,0,0,0,0,0,0,0
887,72,88,528,1,1,0,0,0,0,0,0,0,0,0,3
889,80,92,544,0,1,0,0,0,0,0,0,1,0,0,3
892,80,96,544,1,1,0,0,0,0,0,0,0,0,0,3
893,88,100,544,1,1,0,0,0,0,0,0,0,0,0,3
894,88,104,544,1,1,0,0,0,0,0,0,0,0,0,3
896,96,108,540,0,1,0,0,0,0,0,0,1,0,0,0
899,96,112,540,1,1,0,0,0,0,0,0,0,0,0,0
905,72,88,540,1,1,0,0,0,0,0,0,0,0,0,3
907,80,92,556,0,1,0,0,0,0,0,0,1,0,0,3
910,80,96,556,1,1,0,0,0,0,0,0,0,0,0,3
911,88,100,556,1,1,0,0,0,0,0,0,0,0,0,3
912,88,104,556,1,1,0,0,0,0,0,0,0,0,0,3
914,96,108,552,0,1,0,0,0,0,0,0,1,0,0,0
917,96,112,552,1,1,0,0,0,0,0,0,0,0,0,0
923,72,88,552,1,1,0,0,0,0,0,0,0,0,0,3
925,80,92,568,0,1,0,0,0,0,0,0,1,0,0,3
928,80,96,568,1,1,0,0,0,0,0,0,0,0,0,3
929,88,100,568,1,1,0,0,0,0,0,0,0,0,0,3
930,88,104,568,1,1,0,0,0,0,0,0,0,0,0,3
932,96,108,564,0,1,0,0,0,0,0,0,1,0,0,0
935,96,112,564,1,1,0,0,0,0,0,0,0,0,0,0
941,72,88,564,1,1,0,0,0,0,0,0,0,0,0,3
943,80,92,580,0,1,0,0,0,0,0,0,1,0,0,3
946,80,96,580,1,1,0,0,0,0,0,0,0,0,0,3
947,88,100,580,1,1,0,0,0,0,0,0,0,0,0,3
948,88,104,580,1,1,0,0,0,0,0,0,0,0,0,3
950,96,108,576,0,1,0,0,0,0,0,0,1,0,0,0
953,96,112,576,1,1,0,0,0,0,0,0,0,0,0,0
959,72,88,576,1,1,0,0,0,0,0,0,0,0,0,3
961,80,92,592,0,1,0,0,0,0,0,0,1,0,0,3
964,80,96,592,1,1,0,0,0,0,0,0,0,0,0,3
965,88,100,592,1,1,0,0,0,0,0,0,0,0,0,3
966,88,104,592,1,1,0,0,0,0,0,0,0,0,0,3
968,96,108,588,0,1,0,0,0,0,0,0,1,0,0,0
971,96,112,588,1,1,0,0,0,0,0,0,0,0,0,0
977,72,88,588,1,1,0,0,0,0,0,0,0,0,0,3
979,80,92,604,0,1,0,0,0,0,0,0,1,0,0,3
982,80,96,604,1,1,0,0,0,0,0,0,0,0,0,3
983,88,100,604,1,1,0,0,0,0,0,0,0,0,0,3
984,88,104,604,1,1,0,0,0,0,0,0,0,0,0,3
986,96,108,600,0,1,0,0,0,0,0,0,1,0,0,0
989,96,112,600,1,1,0,0,0,0,0,0,0,0,0,0
995,72,88,600,1,1,0,0,0,0,0,0,0,0,0,3
997,80,92,616,0,1,0,0,0,0,0,0,1,0,0,3
1000,80,96,616,1,1,0,0,0,0,0,0,0,0,0,3
1001,88,100,616,1,1,0,0,0,0,0,0,0,0,0,3
1002,88,104,616,1,1,0,0,0,0,0,0,0,0,0,3
1004,96,108,612,0,1,0,0,0,0,0,0,1,0,0,0
1007,96,112,612,1,1,0,0,0,0,0,0,0,0,0,0
1013,72,88,612,1,1,0,0,0,0,0,0,0,0,0,3
1015,80,92,628,0,1,0,0,0,0,0,0,1,0,0,3
1018,80,96,628,1,1,0,0,0,0,0,0,0,0,0,3
1019,88,100,628,1,1,0,0,0,0,0,0,0,0,0,3
1020,88,104,628,1,1,0,0,0,0,0,0,0,0,0,3
1022,96,108,624,0,1,0,0,0,0,0,0,1,0,0,0
1025,96,112,624,1,1,0,0,0,0,0,0,0,0,0,0
1031,72,88,624,1,1,0,0,0,0,0,0,0,0,0,3
1033,80,92,640,0,1,0,0,0,0,0,0,1,0,0,3
1036,80,96,640,1,1,0,0,0,0,0,0,0,0,0,3
1037,88,100,640,1,1,0,0,0,0,0,0,0,0,0,3
1038,88,104,640,1,1,0,0,0,0,0,0,0,0,0,3
1040,96,108,636,0,1,0,0,0,0,0,0,1,0,0,0
1043,96,112,636,1,1,0,0,0,0,0,0,0,0,0,0
1049,72,88,636,1,1,0,0,0,0,0,0,0,0,0,3
1051,80,92,652,0,1,0,0,0,0,0,0,1,0,0,3
1054,80,96,652,1,1,0,0,0,0,0,0,0,0,0,3
1055,88,100,652,1,1,0,0,0,0,0,0,0,0,0,3
1056,88,104,652,1,1,0,0,0,0,0,0,0,0,0,3
1058,96,108,648,0,1,0,0,0,0,0,0,1,0,0,0
1061,96,112,648,1,1,0,0,0,0,0,0,0,0,0,0
1067,72,88,648,1,1,0,0,0,0,0,0,0,0,0,3
1069,80,92,664,0,1,0,0,0,0,0,0,1,0,0,3
1072,80,96,664,1,1,0,0,0,0,0,0,0,0,0,3
1073,88,100,664,1,1,0,0,0,0,0,0,0,0,0,3
1074,88,104,664,1,1,0,0,0,0,0,0,0,0,0,3
1076,96,108,660,0,1,0,0,0,0,0,0,1,0,0,0
1079,96,112,660,1,1,0,0,0,0,0,0,0,0,0,0
1085,72,88,660,1,1,0,0,0,0,0,0,0,0,0,3
1087,80,92,676,0,1,0,0,0,0,0,0,1,0,0,3
1090,80,96,676,1,1,0,0,0,0,0,0,0,0,0,3
1091,88,100,676,1,1,0,0,0,0,0,0,0,0,0,3
1092,88,104,676,1,1,0,0,0,0,0,0,0,0,0,3
1094,96,108,672,0,1,0,0,0,0,0,0,1,0,0,0
1097,96,112,672,1,1,0,0,0,0,0,0,0,0,0,0
1103,72,88,672,1,1,0,0,0,0,0,0,0,0,0,3
1105,80,92,688,0,1,0,0,0,0,0,0,1,0,0,3
1108,80,96,688,1,1,0,0,0,0,0,0,0,0,0,3
1109,88,100,688,1,1,0,0,0,0,0,0,0,0,0,3
1110,88,104,688,1,1,0,0,0,0,0,0,0,0,0,3
1112,96,108,684,0,1,0,0,0,0,0,0,1,0,0,0
1115,96,112,684,1,1,0,0,0,0,0,0,0,0,0,0
1121,72,88,684,1,1,0,0,0,0,0,0,0,0,0,3
1123,80,92,700,0,1,0,0,0,0,0,0,1,0,0,3
1126,80,96,700,1,1,0,0,0,0,0,0,0,0,0,3
1127,88,100,700,1,1,0,0,0,0,0,0,0,0,0,3
1128,88,104,700,1,1,0,0,0,0,0,0,0,0,0,3
1130,96,108,696,0,1,0,0,0,0,0,0,1,0,0,0
1133,96,112,696,1,1,0,0,0,0,0,0,0,0,0,0
1139,72,88,696,1,1,0,0,0,0,0,0,0,0,0,3
1141,80,92,712,0,1,0,0,0,0,0,0,1,0,0,3
1144,80,96,712,1,1,0,0,0,0,0,0,0,0,0,3
1145,88,100,712,1,1,0,0,0,0,0,0,0,0,0,3
1146,88,104,712,1,1,0,0,0,0,0,0,0,0,0,3
1148,96,108,708,0,1,0,0,0,0,0,0,1,0,0,0
1151,96,112,708,1,1,0,0,0,0,0,0,0,0,0,0
1157,72,88,708,1,1,0,0,0,0,0,0,0,0,0,3
1159,80,92,724,0,1,0,0,0,0,0,0,1,0,0,3
1162,80,96,724,1,1,0,0,0,0,0,0,0,0,0,3
1163,88,100,724,1,1,0,0,0,0,0,0,0,0,0,3
1164,88,104,724,1,1,0,0,0,0,0,0,0,0,0,3
1166,96,108,720,0,1,0,0,0,0,0,0,1,0,0,0
1169,96,112,720,1,1,0,0,0,0,0,0,0,0,0,0
1175,72,88,720,1,1,0,0,0,0,0,0,0,0,0,3
1177,80,92,736,0,1,0,0,0,0,0,0,1,0,0,3
1180,80,96,736,1,1,0,0,0,0,0,0,0,0,0,3
1181,88,100,736,1,1,0,0,0,0,0,0,0,0,0,3
1182,88,104,736,1,1,0,0,0,0,0,0,0,0,0,3
1184,96,108,732,0,1,0,0,0,0,0,0,1,0,0,0
1187,96,112,732,1,1,0,0,0,0,0,0,0,0,0,0
1193,72,88,732,1,1,0,0,0,0,0,0,0,0,0,3
1195,80,92,748,0,1,0,0,0,0,0,0,1,0,0,3
1198,80,96,748,1,1,0,0,0,0,0,0,0,0,0,3
1199,88,100,748,1,1,0,0,0,0,0,0,0,0,0,3
1200,88,104,748,1,1,0,0,0,0,0,0,0,0,0,3
1202,96,108,744,0,1,0,0,0,0,0,0,1,0,0,0
1205,96,112,744,1,1,0,0,0,0,0,0,0,0,0,0
1211,72,88,744,1,1,0,0,0,0,0,0,0,0,0,3
1213,80,92,760,0,1,0,0,0,0,0,0,1,0,0,3
1216,80,96,760,1,1,0,0,0,0,0,0,0,0,0,3
1217,88,100,760,1,1,0,0,0,0,0,0,0,0,0,3
1218,88,104,760,1,1,0,0,0,0,0,0,0,0,0,3
1220,96,108,756,0,1,0,0,0,0,0,0,1,0,0,0
1223,96,112,756,1,1,0,0,0,0,0,0,0,0,0,0
1229,72,88,756,1,1,0,0,0,0,0,0,0,0,0,3
1231,80,92,772,0,1,0,0,0,0,0,0,1,0,0,3
1234,80,96,772,1,1,0,0,0,0,0,0,0,0,0,3
1235,88,100,772,1,1,0,0,0,0,0,0,0,0,0,3
1236,88,104,772,1,1,0,0,0,0,0,0,0,0,0,3
1238,96,108,768,0,1,0,0,0,0,0,0,1,0,0,0
1241,96,112,768,1,1,0,0,0,0,0,0,0,0,0,0
1247,72,88,768,1,1,0,0,0,0,0,0,0,0,0,3
1249,80,92,784,0,1,0,0,0,0,0,0,1,0,0,3
1252,80,96,784,1,1,0,0,0,0,0,0,0,0,0,3
1253,88,100,784,1,1,0,0,0,0,0,0,0,0,0,3
1254,88,104,784,1,1,0,0,0,0,0,0,0,0,0,3
1256,96,108,780,0,1,0,0,0,0,0,0,1,0,0,0
1259,96,112,780,1,1,0,0,0,0,0,0,0,0,0,0
1265,72,88,780,1,1,0,0,0,0,0,0,0,0,0,3
1267,80,92,796,0,1,0,0,0,0,0,0,1,0,0,3
1270,80,96,796,1,1,0,0,0,0,0,0,0,0,0,3
1271,88,100,796,1,1,0,0,0,0,0,0,0,0,0,3
1272,88,104,796,1,1,0,0,0,0,0,0,0,0,0,3
1274,96,108,792,0,1,0,0,0,0,0,0,1,0,0,0
1277,96,112,792,1,1,0,0,0,0,0,0,0,0,0,0
1283,72,88,792,1,1,0,0,0,0,0,0,0,0,0,3
1285,80,92,808,0,1,0,0,0,0,0,0,1,0,0,3
1288,80,96,808,1,1,0,0,0,0,0,0,0,0,0,3
1289,88,100,808,1,1,0,0,0,0,0,0,0,0,0,3
1290,88,104,808,1,1,0,0,0,0,0,0,0,0,0,3
1292,96,108,804,0,1,0,0,0,0,0,0,1,0,0,0
1295,96,112,804,1,1,0,0,0,0,0,0,0,0,0,0
1301,72,88,804,1,1,0,0,0,0,0,0,0,0,0,3
1303,80,92,820,0,1,0,0,0,0,0,0,1,0,0,3
1306,80,96,820,1,1,0,0,0,0,0,0,0,0,0,3
1307,88,100,820,1,1,0,0,0,0,0,0,0,0,0,3
1308,88,104,820,1,1,0,0,0,0,0,0,0,0,0,3
1310,96,108,816,0,1,0,0,0,0,0,0,1,0,0,0
1313,96,112,816,1,1,0,0,0,0,0,0,0,0,0,0
1319,72,88,816,1,1,0,0,0,0,0,0,0,0,0,3
1321,80,92,832,0,1,0,0,0,0,0,0,1,0,0,3
1324,80,96,832,1,1,0,0,0,0,0,0,0,0,0,3
1325,88,100,832,1,1,0,0,0,0,0,0,0,0,0,3
1326,88,104,832,1,1,0,0,0,0,0,0,0,0,0,3
1328,96,108,828,0,1,0,0,0,0,0,0,1,0,0,0
1331,96,112,828,1,1,0,0,0,0,0,0,0,0,0,0
1337,72,88,828,1,1,0,0,0,0,0,0,0,0,0,3
1339,80,92,844,0,1,0,0,0,0,0,0,1,0,0,3
1342,80,96,844,1,1,0,0,0,0,0,0,0,0,0,3
1343,88,100,844,1,1,0,0,0,0,0,0,0,0,0,3
1344,88,104,844,1,1,0,0,0,0,0,0,0,0,0,3
1346,96,108,840,0,1,0,0,0,0,0,0,1,0,0,0
1349,96,112,840,1,1,0,0,0,0,0,0,0,0,0,0
1355,72,88,840,1,1,0,0,0,0,0,0,0,0,0,3
1357,80,92,856,0,1,0,0,0,0,0,0,1,0,0,3
1360,80,96,856,1,1,0,0,0,0,0,0,0,0,0,3
1361,88,100,856,1,1,0,0,0,0,0,0,0,0,0,3
1362,88,104,856,1,1,0,0,0,0,0,0,0,0,0,3
1364,96,108,852,0,1,0,0,0,0,0,0,1,0,0,0
1367,96,112,852,1,1,0,0,0,0,0,0,0,0,0,0
1373,72,88,852,1,1,0,0,0,0,0,0,0,0,0,3
1375,80,92,868,0,1,0,0,0,0,0,0,1,0,0,3
1378,80,96,868,1,1,0,0,0,0,0,0,0,0,0,3
1379,88,100,868,1,1,0,0,0,0,0,0,0,0,0,3
1380,88,104,868,1,1,0,0,0,0,0,0,0,0,0,3
1382,96,108,864,0,1,0,0,0,0,0,0,1,0,0,0
1385,96,112,864,1,1,0,0,0,0,0,0,0,0,0,0
1391,72,88,864,1,1,0,0,0,0,0,0,0,0,0,3
1393,80,92,880,0,1,0,0,0,0,0,0,1,0,0,3
1396,80,96,880,1,1,0,0,0,0,0,0,0,0,0,3
1397,88,100,880,1,1,0,0,0,0,0,0,0,0,0,3
1398,88,104,880,1,1,0,0,0,0,0,0,0,0,0,3
1400,96,108,876,0,1,0,0,0,0,0,0,1,0,0,0
1403,96,112,876,1,1,0,0,0,0,0,0,0,0,0,0
1409,72,88,876,1,1,0,0,0,0,0,0,0,0,0,3
1411,80,92,892,0,1,0,0,0,0,0,0,1,0,0,3
1414,80,96,892,1,1,0,0,0,0,0,0,0,0,0,3
1415,88,100,892,1,1,0,0,0,0,0,0,0,0,0,3
1416,88,104,892,1,1,0,0,0,0,0,0,0,0,0,3
1418,96,108,888,0,1,0,0,0,0,0,0,1,0,0,0
1421,96,112,888,1,1,0,0,0,0,0,0,0,0,0,0
1427,72,88,888,1,1,0,0,0,0,0,0,0,0,0,3
1429,80,92,904,0,1,0,0,0,0,0,0,1,0,0,3
1432,80,96,904,1,1,0,0,0,0,0,0,0,0,0,3
1433,88,100,904,1,1,0,0,0,0,0,0,0,0,0,3
1434,88,104,904,1,1,0,0,0,0,0,0,0,0,0,3
1436,96,108,900,0,1,0,0,0,0,0,0,1,0,0,0
1439,96,112,900,1,1,0,0,0,0,0,0,0,0,0,0
1445,72,88,900,1,1,0,0,0,0,0,0,0,0,0,3
1447,80,92,916,0,1,0,0,0,0,0,0,1,0,0,3
1450,80,96,916,1,1,0,0,0,0,0,0,0,0,0,3
1451,88,100,916,1,1,0,0,0,0,0,0,0,0,0,3
1452,88,104,916,1,1,0,0,0,0,0,0,0,0,0,3
1454,96,108,912,0,1,0,0,0,0,0,0,1,0,0,0
1457,96,112,912,1,1,0,0,0,0,0,0,0,0,0,0
1463,72,88,912,1,1,0,0,0,0,0,0,0,0,0,3
1465,80,92,928,0,1,0,0,0,0,0,0,1,0,0,3
1468,80,96,928,1,1,0,0,0,0,0,0,0,0,0,3
1469,88,100,928,1,1,0,0,0,0,0,0,0,0,0,3
1470,88,104,928,1,1,0,0,0,0,0,0,0,0,0,3
1472,96,108,924,0,1,0,0,0,0,0,0,1,0,0,0
1475,96,112,924,1,1,0,0,0,0,0,0,0,0,0,0
1481,72,88,924,1,1,0,0,0,0,0,0,0,0,0,3
1483,80,92,940,0,1,0,0,0,0,0,0,1,0,0,3
1486,80,96,940,1,1,0,0,0,0,0,0,0,0,0,3
1487,88,100,940,1,1,0,0,0,0,0,0,0,0,0,3
1488,88,104,940,1,1,0,0,0,0,0,0,0,0,0,3
1490,96,108,936,0,1,0,0,0,0,0,0,1,0,0,0
1493,96,112,936,1,1,0,0,0,0,0,0,0,0,0,0
1499,72,88,936,1,1,0,0,0,0,0,0,0,0,0,3
1501,80,92,952,0,1,0,0,0,0,0,0,1,0,0,3
1504,80,96,952,1,1,0,0,0,0,0,0,0,0,0,3
1505,88,100,952,1,1,0,0,0,0,0,0,0,0,0,3
1506,88,104,952,1,1,0,0,0,0,0,0,0,0,0,3
1508,96,108,948,0,1,0,0,0,0,0,0,1,0,0,0
1511,96,112,948,1,1,0,0,0,0,0,0,0,0,0,0
1517,72,88,948,1,1,0,0,0,0,0,0,0,0,0,3
1519,80,92,964,0,1,0,0,0,0,0,0,1,0,0,3
1522,80,96,964,1,1,0,0,0,0,0,0,0,0,0,3
1523,88,100,964,1,1,0,0,0,0,0,0,0,0,0,3
1524,88,104,964,1,1,0,0,0,0,0,0,0,0,0,3
1526,96,108,960,0,1,0,0,0,0,0,0,1,0,0,0
1529,96,112,960,1,1,0,0,0,0,0,0,0,0,0,0
1535,72,88,960,1,1,0,0,0,0,0,0,0,0,0,3
1537,80,92,976,0,1,0,0,0,0,0,0,1,0,0,3
1540,80,96,976,1,1,0,0,0,0,0,0,0,0,0,3
1541,88,100,976,1,1,0,0,0,0,0,0,0,0,0,3
1542,88,104,976,1,1,0,0,0,0,0,0,0,0,0,3
1544,96,108,972,0,1,0,0,0,0,0,0,1,0,0,0
1547,96,112,972,1,1,0,0,0,0,0,0,0,0,0,0
1553,72,88,972,1,1,0,0,0,0,0,0,0,0,0,3
1555,80,92,988,0,1,0,0,0,0,0,0,1,0,0,3
1558,80,96,988,1,1,0,0,0,0,0,0,0,0,0,3
1559,88,100,988,1,1,0,0,0,0,0,0,0,0,0,3
1560,88,104,988,1,1,0,0,0,0,0,0,0,0,0,3
1562,96,108,984,0,1,0,0,0,0,0,0,1,0,0,0
1565,96,112,984,1,1,0,0,0,0,0,0,0,0,0,0
1571,72,88,984,1,1,0,0,0,0,0,0,0,0,0,3
1573,80,92,1000,0,1,0,0,0,0,0,0,1,0,0,3
1576,80,96,1000,1,1,0,0,0,0,0,0,0,0,0,3
1577,88,100,1000,1,1,0,0,0,0,0,0,0,0,0,3
1578,88,104,1000,1,1,0,0,0,0,0,0,0,0,0,3
1580,96,108,996,0,1,0,0,0,0,0,0,1,0,0,0
1583,96,112,996,1,1,0,0,0,0,0,0,0,0,0,0
1589,72,88,996,1,1,0,0,0,0,0,0,0,0,0,3
1591,80,92,1012,0,1,0,0,0,0,0,0,1,0,0,3
1594,80,96,1012,1,1,0,0,0,0,0,0,0,0,0,3
1595,88,100,1012,1,1,0,0,0,0,0,0,0,0,0,3
1596,88,104,1012,1,1,0,0,0,0,0,0,0,0,0,3
1598,96,108,1008,0,1,0,0,0,0,0,0,1,0,0,0
1601,96,112,1008,1,1,0,0,0,0,0,0,0,0,0,0
1607,72,88,1008,1,1,0,0,0,0,0,0,0,0,0,3
1609,80,92,1024,0,1,0,0,0,0,0,0,1,0,0,3
1612,80,96,1024,1,1,0,0,0,0,0,0,0,0,0,3
1613,88,100,1024,1,1,0,0,0,0,0,0,0,0,0,3
1614,88,104,1024,1,1,0,0,0,0,0,0,0,0,0,3
1616,96,108,1020,0,1,0,0,0,0,0,0,1,0,0,0
1619,96,112,1020,1,1,0,0,0,0,0,0,0,0,0,0
1625,72,88,1020,1,1,0,0,0,0,0,0,0,0,0,3
1627,80,92,1036,0,1,0,0,0,0,0,0,1,0,0,3
1630,80,96,1036,1,1,0,0,0,0,0,0,0,0,0,3
1631,88,100,1036,1,1,0,0,0,0,0,0,0,0,0,3
1632,88,104,1036,1,1,0,0,0,0,0,0,0,0,0,3
1634,96,108,1032,0,1,0,0,0,0,0,0,1,0,0,0
1637,96,112,1032,1,1,0,0,0,0,0,0,0,0,0,0
1643,72,88,1032,1,1,0,0,0,0,0,0,0,0,0,3
1645,80,92,1048,0,1,0,0,0,0,0,0,1,0,0,3
1648,80,96,1048,1,1,0,0,0,0,0,0,0,0,0,3
1649,88,100,1048,1,1,0,0,0,0,0,0,0,0,0,3
1650,88,104,1048,1,1,0,0,0,0,0,0,0,0,0,3
1652,96,108,1044,0,1,0,0,0,0,0,0,1,0,0,0
1655,96,112,1044,1,1,0,0,0,0,0,0,0,0,0,0
1661,72,88,1044,1,1,0,0,0,0,0,0,0,0,0,3
1663,80,92,1060,0,1,0,0,0,0,0,0,1,0,0,3
1666,80,96,1060,1,1,0,0,0,0,0,0,0,0,0,3
1667,88,100,1060,1,1,0,0,0,0,0,0,0,0,0,3
1668,88,104,1060,1,1,0,0,0,0,0,0,0,0,0,3
1670,96,108,1056,0,1,0,0,0,0,0,0,1,0,0,0
1673,96,112,1056,1,1,0,0,0,0,0,0,0,0,0,0
1679,72,88,1056,1,1,0,0,0,0,0,0,0,0,0,3
1681,80,92,1072,0,1,0,0,0,0,0,0,1,0,0,3
1684,80,96,1072,1,1,0,0,0,0,0,0,0,0,0,3
1685,88,100,1072,1,1,0,0,0,0,0,0,0,0,0,3
1686,88,104,1072,1,1,0,0,0,0,0,0,0,0,0,3
1688,96,108,1068,0,1,0,0,0,0,0,0,1,0,0,0
1691,96,112,1068,1,1,0,0,0,0,0,0,0,0,0,0
1697,72,88,1068,1,1,0,0,0,0,0,0,0,0,0,3
1699,80,92,1084,0,1,0,0,0,0,0,0,1,0,0,3
1702,80,96,1084,1,1,0,0,0,0,0,0,0,0,0,3
1703,88,100,1084,1,1,0,0,0,0,0,0,0,0,0,3
1704,88,104,1084,1,1,0,0,0,0,0,0,0,0,0,3
1706,96,108,1080,0,1,0,0,0,0,0,0,1,0,0,0
1709,96,112,1080,1,1,0,0,0,0,0,0,0,0,0,0
1715,72,88,1080,1,1,0,0,0,0,0,0,0,0,0,3
1717,80,92,1096,0,1,0,0,0,0,0,0,1,0,0,3
1720,80,96,1096,1,1,0,0,0,0,0,0,0,0,0,3
1721,88,100,1096,1,1,0,0,0,0,0,0,0,0,0,3
1722,88,104,1096,1,1,0,0,0,0,0,0,0,0,0,3
1724,96,108,1092,0,1,0,0,0,0,0,0,1,0,0,0
1727,96,112,1092,1,1,0,0,0,0,0,0,0,0,0,0
1733,72,88,1092,1,1,0,0,0,0,0,0,0,0,0,3
1735,80,92,1108,0,1,0,0,0,0,0,0,1,0,0,3
1738,80,96,1108,1,1,0,0,0,0,0,0,0,0,0,3
1739,88,100,1108,1,1,0,0,0,0,0,0,0,0,0,3
1740,88,104,1108,1,1,0,0,0,0,0,0,0,0,0,3
1742,96,108,1104,0,1,0,0,0,0,0,0,1,0,0,0
1745,96,112,1104,1,1,0,0,0,0,0,0,0,0,0,0
1751,72,88,1104,1,1,0,0,0,0,0,0,0,0,0,3
1753,80,92,1120,0,1,0,0,0,0,0,0,1,0,0,3
1756,80,96,1120,1,1,0,0,0,0,0,0,0,0,0,3
1757,88,100,1120,1,1,0,0,0,0,0,0,0,0,0,3
1758,88,104,1120,1,1,0,0,0,0,0,0,0,0,0,3
1760,96,108,1116,0,1,0,0,0,0,0,0,1,0,0,0
1763,96,112,1116,1,1,0,0,0,0,0,0,0,0,0,0
1769,72,88,1116,1,1,0,0,0,0,0,0,0,0,0,3
1771,80,92,1132,0,1,0,0,0,0,0,0,1,0,0,3
1774,80,96,1132,1,1,0,0,0,0,0,0,0,0,0,3
1775,88,100,1132,1,1,0,0,0,0,0,0,0,0,0,3
1776,88,104,1132,1,1,0,0,0,0,0,0,0,0,0,3
1778,96,108,1128,0,1,0,0,0,0,0,0,1,0,0,0
1781,96,112,1128,1,1,0,0,0,0,0,0,0,0,0,0
1787,72,88,1128,1,1,0,0,0,0,0,0,0,0,0,3
1789,80,92,1144,0,1,0,0,0,0,0,0,1,0,0,3
1792,80,96,1144,1,1,0,0,0,0,0,0,0,0,0,3
1793,88,100,1144,1,1,0,0,0,0,0,0,0,0,0,3
1794,88,104,1144,1,1,0,0,0,0,0,0,0,0,0,3
1796,96,108,1140,0,1,0,0,0,0,0,0,1,0,0,0
1799,96,112,1140,1,1,0,0,0,0,0,0,0,0,0,0
1805,72,88,1140,1,1,0,0,0,0,0,0,0,0,0,3
1807,80,92,1156,0,1,0,0,0,0,0,0,1,0,0,3
1810,80,96,1156,1,1,0,0,0,0,0,0,0,0,0,3
1811,88,100,1156,1,1,0,0,0,0,0,0,0,0,0,3
1812,88,104,1156,1,1,0,0,0,0,0,0,0,0,0,3
1814,96,108,1152,0,1,0,0,0,0,0,0,1,0,0,0
1817,96,112,1152,1,1,0,0,0,0,0,0,0,0,0,0
1823,72,88,1152,1,1,0,0,0,0,0,0,0,0,0,3
1825,80,92,1168,0,1,0,0,0,0,0,0,1,0,0,3
1828,80,96,1168,1,1,0,0,0,0,0,0,0,0,0,3
1829,88,100,1168,1,1,0,0,0,0,0,0,0,0,0,3
1830,88,104,1168,1,1,0,0,0,0,0,0,0,0,0,3
1832,96,108,1164,0,1,0,0,0,0,0,0,1,0,0,0
1835,96,112,1164,1,1,0,0,0,0,0,0,0,0,0,0
1841,72,88,1164,1,1,0,0,0,0,0,0,0,0,0,3
1843,80,92,1180,0,1,0,0,0,0,0,0,1,0,0,3
1846,80,96,1180,1,1,0,0,0,0,0,0,0,0,0,3
1847,88,100,1180,1,1,0,0,0,0,0,0,0,0,0,3
1848,88,104,1180,1,1,0,0,0,0,0,0,0,0,0,3
1850,96,108,1176,0,1,0,0,0,0,0,0,1,0,0,0
1853,96,112,1176,1,1,0,0,0,0,0,0,0,0,0,0
1859,72,88,1176,1,1,0,0,0,0,0,0,0,0,0,3
1861,80,92,1192,0,1,0,0,0,0,0,0,1,0,0,3
1864,80,96,1192,1,1,0,0,0,0,0,0,0,0,0,3
1865,88,100,1192,1,1,0,0,0,0,0,0,0,0,0,3
1866,88,104,1192,1,1,0,0,0,0,0,0,0,0,0,3
1868,96,108,1188,0,1,0,0,0,0,0,0,1,0,0,0
1871,96,112,1188,1,1,0,0,0,0,0,0,0,0,0,0
1877,72,88,1188,1,1,0,0,0,0,0,0,0,0,0,3
1879,80,92,1204,0,1,0,0,0,0,0,0,1,0,0,3
1882,80,96,1204,1,1,0,0,0,0,0,0,0,0,0,3
1883,88,100,1204,1,1,0,0,0,0,0,0,0,0,0,3
1884,88,104,1204,1,1,0,0,0,0,0,0,0,0,0,3
1886,96,108,1200,0,1,0,0,0,0,0,0,1,0,0,0
1889,96,112,1200,1,1,0,0,0,0,0,0,0,0,0,0
1895,72,88,1200,1,1,0,0,0,0,0,0,0,0,0,3
1897,80,92,1216,0,1,0,0,0,0,0,0,1,0,0,3
1900,80,96,1216,1,1,0,0,0,0,0,0,0,0,0,3
1901,88,100,1216,1,1,0,0,0,0,0,0,0,0,0,3
1902,88,104,1216,1,1,0,0,0,0,0,0,0,0,0,3
1904,96,108,1212,0,1,0,0,0,0,0,0,1,0,0,0
1907,96,112,1212,1,1,0,0,0,0,0,0,0,0,0,0
1913,72,88,1212,1,1,0,0,0,0,0,0,0,0,0,3
1915,80,92,1228,0,1,0,0,0,0,0,0,1,0,0,3
1918,80,96,1228,1,1,0,0,0,0,0,0,0,0,0,3
1919,88,100,1228,1,1,0,0,0,0,0,0,0,0,0,3
1920,88,104,1228,1,1,0,0,0,0,0,0,0,0,0,3
1922,96,108,1224,0,1,0,0,0,0,0,0,1,0,0,0
1925,96,112,1224,1,1,0,0,0,0,0,0,0,0,0,0
1931,72,88,1224,1,1,0,0,0,0,0,0,0,0,0,3
1933,80,92,1240,0,1,0,0,0,0,0,0,1,0,0,3
1936,80,96,1240,1,1,0,0,0,0,0,0,0,0,0,3
1937,88,100,1240,1,1,0,0,0,0,0,0,0,0,0,3
1938,88,104,1240,1,1,0,0,0,0,0,0,0,0,0,3
1940,96,108,1236,0,1,0,0,0,0,0,0,1,0,0,0
1943,96,112,1236,1,1,0,0,0,0,0,0,0,0,0,0
1949,72,88,1236,1,1,0,0,0,0,0,0,0,0,0,3
1951,80,92,1252,0,1,0,0,0,0,0,0,1,0,0,3
1954,80,96,1252,1,1,0,0,0,0,0,0,0,0,0,3
1955,88,100,1252,1,1,0,0,0,0,0,0,0,0,0,3
1956,88,104,1252,1,1,0,0,0,0,0,0,0,0,0,3
1958,96,108,1248,0,1,0,0,0,0,0,0,1,0,0,0
1961,96,112,1248,1,1,0,0,0,0,0,0,0,0,0,0
1967,72,88,1248,1,1,0,0,0,0,0,0,0,0,0,3
1969,80,92,1264,0,1,0,0,0,0,0,0,1,0,0,3
1972,80,96,1264,1,1,0,0,0,0,0,0,0,0,0,3
1973,88,100,1264,1,1,0,0,0,0,0,0,0,0,0,3
1974,88,104,1264,1,1,0,0,0,0,0,0,0,0,0,3
1976,96,108,1260,0,1,0,0,0,0,0,0,1,0,0,0
1979,96,112,1260,1,1,0,0,0,0,0,0,0,0,0,0
1985,72,88,1260,1,1,0,0,0,0,0,0,0,0,0,3
1987,80,92,1276,0,1,0,0,0,0,0,0,1,0,0,3
1990,80,96,1276,1,1,0,0,0,0,0,0,0,0,0,3
1991,88,100,1276,1,1,0,0,0,0,0,0,0,0,0,3
1992,88,104,1276,1,1,0,0,0,0,0,0,0,0,0,3
1994,96,108,1272,0,1,0,0,0,0,0,0,1,0,0,0
1997,96,112,1272,1,1,0,0,0,0,0,0,0,0,0,0
2003,72,88,1272,1,1,0,0,0,0,0,0,0,0,0,3
2005,80,92,1288,0,1,0,0,0,0,0,0,1,0,0,3
2008,80,96,1288,1,1,0,0,0,0,0,0,0,0,0,3
2009,88,100,1288,1,1,0,0,0,0,0,0,0,0,0,3
2010,88,104,1288,1,1,0,0,0,0,0,0,0,0,0,3
2012,96,108,1284,0,1,0,0,0,0,0,0,1,0,0,0
2015,96,112,1284,1,1,0,0,0,0,0,0,0,0,0,0
2021,72,88,1284,1,1,0,0,0,0,0,0,0,0,0,3
2023,80,92,1300,0,1,0,0,0,0,0,0,1,0,0,3
2026,80,96,1300,1,1,0,0,0,0,0,0,0,0,0,3
2027,88,100,1300,1,1,0,0,0,0,0,0,0,0,0,3
2028,88,104,1300,1,1,0,0,0,0,0,0,0,0,0,3
2030,96,108,1296,0,1,0,0,0,0,0,0,1,0,0,0
2033,96,112,1296,1,1,0,0,0,0,0,0,0,0,0,0
2039,72,88,1296,1,1,0,0,0,0,0,0,0,0,0,3
2041,80,92,1312,0,1,0,0,0,0,0,0,1,0,0,3
2044,80,96,1312,1,1,0,0,0,0,0,0,0,0,0,3
2045,88,100,1312,1,1,0,0,0,0,0,0,0,0,0,3
2046,88,104,1312,1,1,0,0,0,0,0,0,0,0,0,3
2048,96,108,1308,0,1,0,0,0,0,0,0,1,0,0,0
2051,96,112,1308,1,1,0,0,0,0,0,0,0,0,0,0
2057,72,88,1308,1,1,0,0,0,0,0,0,0,0,0,3
2059,80,92,1324,0,1,0,0,0,0,0,0,1,0,0,3
2062,80,96,1324,1,1,0,0,0,0,0,0,0,0,0,3
2063,88,100,1324,1,1,0,0,0,0,0,0,0,0,0,3
2064,88,104,1324,1,1,0,0,0,0,0,0,0,0,0,3
2066,96,108,1320,0,1,0,0,0,0,0,0,1,0,0,0
2069,96,112,1320,1,1,0,0,0,0,0,0,0,0,0,0
2075,72,88,1320,1,1,0,0,0,0,0,0,0,0,0,3
2077,80,92,1336,0,1,0,0,0,0,0,0,1,0,0,3
2080,80,96,1336,1,1,0,0,0,0,0,0,0,0,0,3
2081,88,100,1336,1,1,0,0,0,0,0,0,0,0,0,3
2082,88,104,1336,1,1,0,0,0,0,0,0,0,0,0,3
2084,96,108,1332,0,1,0,0,0,0,0,0,1,0,0,0
2087,96,112,1332,1,1,0,0,0,0,0,0,0,0,0,0
2093,72,88,1332,1,1,0,0,0,0,0,0,0,0,0,3
2095,80,92,1348,0,1,0,0,0,0,0,0,1,0,0,3
2098,80,96,1348,1,1,0,0,0,0,0,0,0,0,0,3
2099,88,100,1348,1,1,0,0,0,0,0,0,0,0,0,3
2100,88,104,1348,1,1,0,0,0,0,0,0,0,0,0,3
2102,96,108,1344,0,1,0,0,0,0,0,0,1,0,0,0
2105,96,112,1344,1,1,0,0,0,0,0,0,0,0,0,0
2111,72,88,1344,1,1,0,0,0,0,0,0,0,0,0,3
2113,80,92,1360,0,1,0,0,0,0,0,0,1,0,0,3
2116,80,96,1360,1,1,0,0,0,0,0,0,0,0,0,3
2117,88,100,1360,1,1,0,0,0,0,0,0,0,0,0,3
2118,88,104,1360,1,1,0,0,0,0,0,0,0,0,0,3
2120,96,108,1356,0,1,0,0,0,0,0,0,1,0,0,0
2123,96,112,1356,1,1,0,0,0,0,0,0,0,0,0,0
2129,72,88,1356,1,1,0,0,0,0,0,0,0,0,0,3
2131,80,92,1372,0,1,0,0,0,0,0,0,1,0,0,3
2134,80,96,1372,1,1,0,0,0,0,0,0,0,0,0,3
2135,88,100,1372,1,1,0,0,0,0,0,0,0,0,0,3
2136,88,104,1372,1,1,0,0,0,0,0,0,0,0,0,3
2138,96,108,1368,0,1,0,0,0,0,0,0,1,0,0,0
2141,96,112,1368,1,1,0,0,0,0,0,0,0,0,0,0
2147,72,88,1368,1,1,0,0,0,0,0,0,0,0,0,3
2149,80,92,1384,0,1,0,0,0,0,0,0,1,0,0,3
2152,80,96,1384,1,1,0,0,0,0,0,0,0,0,0,3
2153,88,100,1384,1,1,0,0,0,0,0,0,0,0,0,3
2154,88,104,1384,1,1,0,0,0,0,0,0,0,0,0,3
2156,96,108,1380,0,1,0,0,0,0,0,0,1,0,0,0
2159,96,112,1380,1,1,0,0,0,0,0,0,0,0,0,0
2165,72,88,1380,1,1,0,0,0,0,0,0,0,0,0,3
2167,80,92,1396,0,1,0,0,0,0,0,0,1,0,0,3
2170,80,96,1396,1,1,0,0,0,0,0,0,0,0,0,3
2171,88,100,1396,1,1,0,0,0,0,0,0,0,0,0,3
2172,88,104,1396,1,1,0,0,0,0,0,0,0,0,0,3
2174,96,108,1392,0,1,0,0,0,0,0,0,1,0,0,0
2177,96,112,1392,1,1,0,0,0,0,0,0,0,0,0,0
2183,72,88,1392,1,1,0,0,0,0,0,0,0,0,0,3
2185,80,92,1408,0,1,0,0,0,0,0,0,1,0,0,3
2188,80,96,1408,1,1,0,0,0,0,0,0,0,0,0,3
2189,88,100,1408,1,1,0,0,0,0,0,0,0,0,0,3
2190,88,104,1408,1,1,0,0,0,0,0,0,0,0,0,3
2192,96,108,1404,0,1,0,0,0,0,0,0,1,0,0,0
2195,96,112,1404,1,1,0,0,0,0,0,0,0,0,0,0
2201,72,88,1404,1,1,0,0,0,0,0,0,0,0,0,3
2203,80,92,1420,0,1,0,0,0,0,0,0,1,0,0,3
2206,80,96,1420,1,1,0,0,0,0,0,0,0,0,0,3
2207,88,100,1420,1,1,0,0,0,0,0,0,0,0,0,3
2208,88,104,1420,1,1,0,0,0,0,0,0,0,0,0,3
2210,96,108,1416,0,1,0,0,0,0,0,0,1,0,0,0
2213,96,112,1416,1,1,0,0,0,0,0,0,0,0,0,0
2219,72,88,1416,1,1,0,0,0,0,0,0,0,0,0,3
2221,80,92,1432,0,1,0,0,0,0,0,0,1,0,0,3
2224,80,96,1432,1,1,0,0,0,0,0,0,0,0,0,3
2225,88,100,1432,1,1,0,0,0,0,0,0,0,0,0,3
2226,88,104,1432,1,1,0,0,0,0,0,0,0,0,0,3
2228,96,108,1428,0,1,0,0,0,0,0,0,1,0,0,0
2231,96,112,1428,1,1,0,0,0,0,0,0,0,0,0,0
2237,72,88,1428,1,1,0,0,0,0,0,0,0,0,0,3
2239,80,92,1444,0,1,0,0,0,0,0,0,1,0,0,3
2242,80,96,1444,1,1,0,0,0,0,0,0,0,0,0,3
2243,88,100,1444,1,1,0,0,0,0,0,0,0,0,0,3
2244,88,104,1444,1,1,0,0,0,0,0,0,0,0,0,3
2246,96,108,1440,0,1,0,0,0,0,0,0,1,0,0,0
2249,96,112,1440,1,1,0,0,0,0,0,0,0,0,0,0
2255,72,88,1440,1,1,0,0,0,0,0,0,0,0,0,3
2257,80,92,1456,0,1,0,0,0,0,0,0,1,0,0,3
2260,80,96,1456,1,1,0,0,0,0,0,0,0,0,0,3
2261,88,100,1456,1,1,0,0,0,0,0,0,0,0,0,3
2262,88,104,1456,1,1,0,0,0,0,0,0,0,0,0,3
2264,96,108,1452,0,1,0,0,0,0,0,0,1,0,0,0
2267,96,112,1452,1,1,0,0,0,0,0,0,0,0,0,0
2273,72,88,1452,1,1,0,0,0,0,0,0,0,0,0,3
2275,80,92,1468,0,1,0,0,0,0,0,0,1,0,0,3
2278,80,96,1468,1,1,0,0,0,0,0,0,0,0,0,3
2279,88,100,1468,1,1,0,0,0,0,0,0,0,0,0,3
2280,88,104,1468,1,1,0,0,0,0,0,0,0,0,0,3
2282,96,108,1464,0,1,0,0,0,0,0,0,1,0,0,0
2285,96,112,1464,1,1,0,0,0,0,0,0,0,0,0,0
2291,72,88,1464,1,1,0,0,0,0,0,0,0,0,0,3
2293,80,92,1480,0,1,0,0,0,0,0,0,1,0,0,3
2296,80,96,1480,1,1,0,0,0,0,0,0,0,0,0,3
2297,88,100,1480,1,1,0,0,0,0,0,0,0,0,0,3
2298,88,104,1480,1,1,0,0,0,0,0,0,0,0,0,3
2300,96,108,1476,0,1,0,0,0,0,0,0,1,0,0,0
2303,96,112,1476,1,1,0,0,0,0,0,0,0,0,0,0
2309,72,88,1476,1,1,0,0,0,0,0,0,0,0,0,3
2311,80,92,1492,0,1,0,0,0,0,0,0,1,0,0,3
2314,80,96,1492,1,1,0,0,0,0,0,0,0,0,0,3
2315,88,100,1492,1,1,0,0,0,0,0,0,0,0,0,3
2316,88,104,1492,1,1,0,0,0,0,0,0,0,0,0,3
2318,96,108,1488,0,1,0,0,0,0,0,0,1,0,0,0
2321,96,112,1488,1,1,0,0,0,0,0,0,0,0,0,0
2327,72,88,1488,1,1,0,0,0,0,0,0,0,0,0,3
2329,80,92,1504,0,1,0,0,0,0,0,0,1,0,0,3
2332,80,96,1504,1,1,0,0,0,0,0,0,0,0,0,3
2333,88,100,1504,1,1,0,0,0,0,0,0,0,0,0,3
2334,88,104,1504,1,1,0,0,0,0,0,0,0,0,0,3
2336,96,108,1500,0,1,0,0,0,0,0,0,1,0,0,0
2339,96,112,1500,1,1,0,0,0,0,0,0,0,0,0,0
2345,72,88,1500,1,1,0,0,0,0,0,0,0,0,0,3
2347,80,92,1516,0,1,0,0,0,0,0,0,1,0,0,3
2350,80,96,1516,1,1,0,0,0,0,0,0,0,0,0,3
2351,88,100,1516,1,1,0,0,0,0,0,0,0,0,0,3
2352,88,104,1516,1,1,0,0,0,0,0,0,0,0,0,3
2354,96,108,1512,0,1,0,0,0,0,0,0,1,0,0,0
2357,96,112,1512,1,1,0,0,0,0,0,0,0,0,0,0
2363,72,88,1512,1,1,0,0,0,0,0,0,0,0,0,3
2365,80,92,1528,0,1,0,0,0,0,0,0,1,0,0,3
2368,80,96,1528,1,1,0,0,0,0,0,0,0,0,0,3
2369,88,100,1528,1,1,0,0,0,0,0,0,0,0,0,3
2370,88,104,1528,1,1,0,0,0,0,0,0,0,0,0,3
2372,96,108,1524,0,1,0,0,0,0,0,0,1,0,0,0
2375,96,112,1524,1,1,0,0,0,0,0,0,0,0,0,0
2381,72,88,1524,1,1,0,0,0,0,0,0,0,0,0,3
2383,80,92,1540,0,1,0,0,0,0,0,0,1,0,0,3
2386,80,96,1540,1,1,0,0,0,0,0,0,0,0,0,3
2387,88,100,1540,1,1,0,0,0,0,0,0,0,0,0,3
2388,88,104,1540,1,1,0,0,0,0,0,0,0,0,0,3
2390,96,108,1536,0,1,0,0,0,0,0,0,1,0,0,0
2393,96,112,1536,1,1,0,0,0,0,0,0,0,0,0,0
2399,72,88,1536,1,1,0,0,0,0,0,0,0,0,0,3
2401,80,92,1552,0,1,0,0,0,0,0,0,1,0,0,3
2404,80,96,1552,1,1,0,0,0,0,0,0,0,0,0,3
2405,88,100,1552,1,1,0,0,0,0,0,0,0,0,0,3
2406,88,104,1552,1,1,0,0,0,0,0,0,0,0,0,3
2408,96,108,1548,0,1,0,0,0,0,0,0,1,0,0,0
2411,96,112,1548,1,1,0,0,0,0,0,0,0,0,0,0
2417,72,88,1548,1,1,0,0,0,0,0,0,0,0,0,3
2419,80,92,1564,0,1,0,0,0,0,0,0,1,0,0,3
2422,80,96,1564,1,1,0,0,0,0,0,0,0,0,0,3
2423,88,100,1564,1,1,0,0,0,0,0,0,0,0,0,3
2424,88,104,1564,1,1,0,0,0,0,0,0,0,0,0,3
2426,96,108,1560,0,1,0,0,0,0,0,0,1,0,0,0
2429,96,112,1560,1,1,0,0,0,0,0,0,0,0,0,0
2435,72,88,1560,1,1,0,0,0,0,0,0,0,0,0,3
2437,80,92,1576,0,1,0,0,0,0,0,0,1,0,0,3
2440,80,96,1576,1,1,0,0,0,0,0,0,0,0,0,3
2441,88,100,1576,1,1,0,0,0,0,0,0,0,0,0,3
2442,88,104,1576,1,1,0,0,0,0,0,0,0,0,0,3
2444,96,108,1572,0,1,0,0,0,0,0,0,1,0,0,0
2447,96,112,1572,1,1,0,0,0,0,0,0,0,0,0,0
2453,72,88,1572,1,1,0,0,0,0,0,0,0,0,0,3
2455,80,92,1588,0,1,0,0,0,0,0,0,1,0,0,3
2458,80,96,1588,1,1,0,0,0,0,0,0,0,0,0,3
2459,88,100,1588,1,1,0,0,0,0,0,0,0,0,0,3
2460,88,104,1588,1,1,0,0,0,0,0,0,0,0,0,3
2462,96,108,1584,0,1,0,0,0,0,0,0,1,0,0,0
2465,96,112,1584,1,1,0,0,0,0,0,0,0,0,0,0
2471,72,88,1584,1,1,0,0,0,0,0,0,0,0,0,3
2473,80,92,1600,0,1,0,0,0,0,0,0,1,0,0,3
2476,80,96,1600,1,1,0,0,0,0,0,0,0,0,0,3
2477,88,100,1600,1,1,0,0,0,0,0,0,0,0,0,3
2478,88,104,1600,1,1,0,0,0,0,0,0,0,0,0,3
2480,96,108,1596,0,1,0,0,0,0,0,0,1,0,0,0
2483,96,112,1596,1,1,0,0,0,0,0,0,0,0,0,0
2489,72,88,1596,1,1,0,0,0,0,0,0,0,0,0,3
2491,80,92,1612,0,1,0,0,0,0,0,0,1,0,0,3
2494,80,96,1612,1,1,0,0,0,0,0,0,0,0,0,3
2495,88,100,1612,1,1,0,0,0,0,0,0,0,0,0,3
2496,88,104,1612,1,1,0,0,0,0,0,0,0,0,0,3
2498,96,108,1608,0,1,0,0,0,0,0,0,1,0,0,0
2501,96,112,1608,1,1,0,0,0,0,0,0,0,0,0,0
2507,72,88,1608,1,1,0,0,0,0,0,0,0,0,0,3
2509,80,92,1624,0,1,0,0,0,0,0,0,1,0,0,3
2512,80,96,1624,1,1,0,0,0,0,0,0,0,0,0,3
2513,88,100,1624,1,1,0,0,0,0,0,0,0,0,0,3
2514,88,104,1624,1,1,0,0,0,0,0,0,0,0,0,3
2516,96,108,1620,0,1,0,0,0,0,0,0,1,0,0,0
2519,96,112,1620,1,1,0,0,0,0,0,0,0,0,0,0
2525,72,88,1620,1,1,0,0,0,0,0,0,0,0,0,3
2527,80,92,1636,0,1,0,0,0,0,0,0,1,0,0,3
2530,80,96,1636,1,1,0,0,0,0,0,0,0,0,0,3
2531,88,100,1636,1,1,0,0,0,0,0,0,0,0,0,3
2532,88,104,1636,1,1,0,0,0,0,0,0,0,0,0,3
2534,96,108,1632,0,1,0,0,0,0,0,0,1,0,0,0
2537,96,112,1632,1,1,0,0,0,0,0,0,0,0,0,0
2543,72,88,1632,1,1,0,0,0,0,0,0,0,0,0,3
2545,80,92,1648,0,1,0,0,0,0,0,0,1,0,0,3
2548,80,96,1648,1,1,0,0,0,0,0,0,0,0,0,3
2549,88,100,1648,1,1,0,0,0,0,0,0,0,0,0,3
2550,88,104,1648,1,1,0,0,0,0,0,0,0,0,0,3
2552,96,108,1644,0,1,0,0,0,0,0,0,1,0,0,0
2555,96,112,1644,1,1,0,0,0,0,0,0,0,0,0,0
2561,72,88,1644,1,1,0,0,0,0,0,0,0,0,0,3
2563,80,92,1660,0,1,0,0,0,0,0,0,1,0,0,3
2566,80,96,1660,1,1,0,0,0,0,0,0,0,0,0,3
2567,88,100,1660,1,1,0,0,0,0,0,0,0,0,0,3
2568,88,104,1660,1,1,0,0,0,0,0,0,0,0,0,3
2570,96,108,1656,0,1,0,0,0,0,0,0,1,0,0,0
2573,96,112,1656,1,1,0,0,0,0,0,0,0,0,0,0
2579,72,88,1656,1,1,0,0,0,0,0,0,0,0,0,3
2581,80,92,1672,0,1,0,0,0,0,0,0,1,0,0,3
2584,80,96,1672,1,1,0,0,0,0,0,0,0,0,0,3
2585,88,100,1672,1,1,0,0,0,0,0,0,0,0,0,3
2586,88,104,1672,1,1,0,0,0,0,0,0,0,0,0,3
2588,96,108,1668,0,1,0,0,0,0,0,0,1,0,0,0
2591,96,112,1668,1,1,0,0,0,0,0,0,0,0,0,0
2597,72,88,1668,1,1,0,0,0,0,0,0,0,0,0,3
2599,80,92,1684,0,1,0,0,0,0,0,0,1,0,0,3
2602,80,96,1684,1,1,0,0,0,0,0,0,0,0,0,3
2603,88,100,1684,1,1,0,0,0,0,0,0,0,0,0,3
2604,88,104,1684,1,1,0,0,0,0,0,0,0,0,0,3
2606,96,108,1680,0,1,0,0,0,0,0,0,1,0,0,0
2609,96,112,1680,1,1,0,0,0,0,0,0,0,0,0,0
2615,72,88,1680,1,1,0,0,0,0,0,0,0,0,0,3
2617,80,92,1696,0,1,0,0,0,0,0,0,1,0,0,3
2620,80,96,1696,1,1,0,0,0,0,0,0,0,0,0,3
2621,88,100,1696,1,1,0,0,0,0,0,0,0,0,0,3
2622,88,104,1696,1,1,0,0,0,0,0,0,0,0,0,3
2624,96,108,1692,0,1,0,0,0,0,0,0,1,0,0,0
2627,96,112,1692,1,1,0,0,0,0,0,0,0,0,0,0
2633,72,88,1692,1,1,0,0,0,0,0,0,0,0,0,3
2635,80,92,1708,0,1,0,0,0,0,0,0,1,0,0,3
2638,80,96,1708,1,1,0,0,0,0,0,0,0,0,0,3
2639,88,100,1708,1,1,0,0,0,0,0,0,0,0,0,3
2640,88,104,1708,1,1,0,0,0,0,0,0,0,0,0,3
2642,96,108,1704,0,1,0,0,0,0,0,0,1,0,0,0
2645,96,112,1704,1,1,0,0,0,0,0,0,0,0,0,0
2651,72,88,1704,1,1,0,0,0,0,0,0,0,0,0,3
2652,0,92,0,0,0,1,0,0,0,0,0,1,0,0,3
2653,80,92,1720,0,0,0,1,36,0,0,0,1,0,0,3
2654,0,92,0,0,0,0,0,36,0,0,0,1,1,36,3
2655,0,92,0,0,1,0,0,36,1,0,0,0,0,0,3
2656,80,96,1720,1,1,0,0,36,0,0,0,0,0,0,3
2657,88,100,1720,1,1,0,0,36,0,0,0,0,0,0,3
2658,88,104,1720,1,1,0,0,36,0,0,0,0,0,0,3
2661,0,116,0,0,1,0,0,36,0,1,36,0,0,0,0
2666,72,84,0,0,1,0,0,36,0,0,36,1,0,0,3
2669,72,88,0,1,1,0,0,36,0,0,36,0,0,0,3
2670,80,92,0,1,1,0,0,36,0,0,36,0,0,0,3
2671,80,96,0,1,1,0,0,36,0,0,36,0,0,0,3
2673,88,100,4294967284,0,1,0,0,36,0,0,36,1,0,0,3
2676,88,104,4294967284,1,1,0,0,36,0,0,36,0,0,0,3
2677,96,108,4294967284,1,1,0,0,36,0,0,36,0,0,0,0
2678,96,112,4294967284,1,1,0,0,36,0,0,36,0,0,0,0
2684,72,88,0,1,1,0,0,36,0,0,36,0,0,0,3
2686,80,92,16,0,1,0,0,36,0,0,36,1,0,0,3
2689,80,96,16,1,1,0,0,36,0,0,36,0,0,0,3
2690,88,100,16,1,1,0,0,36,0,0,36,0,0,0,3
2691,88,104,16,1,1,0,0,36,0,0,36,0,0,0,3
2693,96,108,12,0,1,0,0,36,0,0,36,1,0,0,0
2696,96,112,12,1,1,0,0,36,0,0,36,0,0,0,0
2702,72,88,12,1,1,0,0,36,0,0,36,0,0,0,3
2704,80,92,28,0,1,0,0,36,0,0,36,1,0,0,3
2707,80,96,28,1,1,0,0,36,0,0,36,0,0,0,3
2708,88,100,28,1,1,0,0,36,0,0,36,0,0,0,3
2709,88,104,28,1,1,0,0,36,0,0,36,0,0,0,3
2711,96,108,24,0,1,0,0,36,0,0,36,1,0,0,0
2714,96,112,24,1,1,0,0,36,0,0,36,0,0,0,0
2720,72,88,24,1,1,0,0,36,0,0,36,0,0,0,3
2722,80,92,40,0,1,0,0,36,0,0,36,1,0,0,3
2725,80,96,40,1,1,0,0,36,0,0,36,0,0,0,3
2726,88,100,40,1,1,0,0,36,0,0,36,0,0,0,3
2727,88,104,40,1,1,0,0,36,0,0,36,0,0,0,3
2729,96,112,36,1,1,0,0,36,0,0,36,0,0,0,0
2735,72,88,0,1,1,0,0,36,0,0,36,0,0,0,3
2737,80,96,16,1,1,0,0,36,0,0,36,0,0,0,3
2739,88,100,4,0,1,0,0,36,0,0,36,1,0,0,3
2742,88,104,4,1,1,0,0,36,0,0,36,0,0,0,3
2743,96,108,4,1,1,0,0,36,0,0,36,0,0,0,0
2744,96,112,4,1,1,0,0,36,0,0,36,0,0,0,0
2750,120,152,0,1,1,0,0,36,0,0,36,0,0,0,0
2754,152,164,32,0,1,0,0,36,0,0,36,1,0,0,0
2757,152,168,32,1,1,0,0,36,0,0,36,0,0,0,0
2758,160,172,32,1,1,0,0,36,0,0,36,0,0,0,0
2759,160,128,32,1,1,0,0,36,0,0,36,0,0,0,0
2769,120,152,4,1,1,0,0,36,0,0,36,0,0,0,0
2773,152,168,32,1,1,0,0,36,0,0,36,0,0,0,0
2775,160,128,36,1,1,0,0,36,0,0,36,0,0,0,0
2785,120,132,8,0,1,0,0,36,0,0,36,1,0,0,0
2788,120,136,8,1,1,0,0,36,0,0,36,0,0,0,0
2796,152,168,36,1,1,0,0,36,0,0,36,0,0,0,0
2798,160,128,40,1,1,0,0,36,0,0,36,0,0,0,0
2808,120,132,20,0,1,0,0,36,0,0,36,1,0,0,0
2811,120,136,20,1,1,0,0,36,0,0,36,0,0,0,0
2819,120,152,28,1,1,0,0,36,0,0,36,0,0,0,0
2823,152,168,40,1,1,0,0,36,0,0,36,0,0,0,0
2825,160,172,44,0,1,0,0,36,0,0,36,1,0,0,0
2828,160,176,44,1,1,0,0,36,0,0,36,0,0,0,0
3046,1032,1048,0,1,1,0,0,36,0,0,36,0,0,0,0
3053,1032,1048,0,1,1,0,0,36,0,0,36,0,0,0,0
3060,1032,1048,0,1,1,0,0,36,0,0,36,0,0,0,0
3067,1032,1048,0,1,1,0,0,36,0,0,36,0,0,0,0
3074,1032,1048,0,1,1,0,0,36,0,0,36,0,0,0,0
3081,1032,1048,0,1,1,0,0,36,0,0,36,0,0,0,0
3088,1032,1048,0,1,1,0,0,36,0,0,36,0,0,0,0
3095,1032,1048,0,1,1,0,0,36,0,0,36,0,0,0,0
3101,1056,1072,0,1,1,0,0,36,0,0,36,0,0,0,0
3103,1064,1080,4,1,1,0,0,36,0,0,36,0,0,0,0
3105,1072,1088,8,1,1,0,0,36,0,0,36,0,0,0,0
3112,1056,1072,0,1,1,0,0,36,0,0,36,0,0,0,0
3114,1064,1080,4,1,1,0,0,36,0,0,36,0,0,0,0
3116,1072,1088,8,1,1,0,0,36,0,0,36,0,0,0,0
3123,1056,1072,0,1,1,0,0,36,0,0,36,0,0,0,0
3125,1064,1080,4,1,1,0,0,36,0,0,36,0,0,0,0
3127,1072,1088,8,1,1,0,0,36,0,0,36,0,0,0,0
3134,1056,1072,0,1,1,0,0,36,0,0,36,0,0,0,0
3136,1064,1080,4,1,1,0,0,36,0,0,36,0,0,0,0
3138,1072,1088,8,1,1,0,0,36,0,0,36,0,0,0,0
3144,1096,1112,0,1,1,0,0,36,0,0,36,0,0,0,0
3146,1104,1120,16,1,1,0,0,36,0,0,36,0,0,0,0
3148,1112,1128,4,1,1,0,0,36,0,0,36,0,0,0,0
3150,1120,1136,0,1,1,0,0,36,0,0,36,0,0,0,0
3156,1096,1112,0,1,1,0,0,36,0,0,36,0,0,0,0
3158,1104,1120,16,1,1,0,0,36,0,0,36,0,0,0,0
3160,1112,1128,4,1,1,0,0,36,0,0,36,0,0,0,0
3162,1120,1136,0,1,1,0,0,36,0,0,36,0,0,0,0
3168,1096,1112,0,1,1,0,0,36,0,0,36,0,0,0,0
3170,1104,1120,16,1,1,0,0,36,0,0,36,0,0,0,0
3172,1112,1128,4,1,1,0,0,36,0,0,36,0,0,0,0
3174,1120,1136,0,1,1,0,0,36,0,0,36,0,0,0,0
3180,1096,1112,0,1,1,0,0,36,0,0,36,0,0,0,0
3182,1104,1120,16,1,1,0,0,36,0,0,36,0,0,0,0
3184,1112,1128,4,1,1,0,0,36,0,0,36,0,0,0,0
3186,1120,1136,0,1,1,0,0,36,0,0,36,0,0,0,0
3192,1144,1176,0,1,1,0,0,36,0,0,36,0,0,0,0
3196,1176,1192,32,1,1,0,0,36,0,0,36,0,0,0,0
3198,1184,1152,36,1,1,0,0,36,0,0,36,0,0,0,0
3208,1144,1176,4,1,1,0,0,36,0,0,36,0,0,0,0
3212,1176,1192,36,1,1,0,0,36,0,0,36,0,0,0,0
3214,1184,1152,40,1,1,0,0,36,0,0,36,0,0,0,0
3224,1144,1176,8,1,1,0,0,36,0,0,36,0,0,0,0
3228,1176,1192,40,1,1,0,0,36,0,0,36,0,0,0,0
3230,1184,1152,44,1,1,0,0,36,0,0,36,0,0,0,0
3240,1176,1192,44,1,1,0,0,36,0,0,36,0,0,0,0
3242,1184,1196,48,0,1,0,0,36,0,0,36,1,0,0,0
3245,1184,1200,48,1,1,0,0,36,0,0,36,0,0,0,0
3463,2056,2072,0,1,1,0,0,36,0,0,36,0,0,0,0
3470,2056,2072,0,1,1,0,0,36,0,0,36,0,0,0,0
3477,2056,2072,0,1,1,0,0,36,0,0,36,0,0,0,0
3484,2056,2072,0,1,1,0,0,36,0,0,36,0,0,0,0
3491,2056,2072,0,1,1,0,0,36,0,0,36,0,0,0,0
3498,2056,2072,0,1,1,0,0,36,0,0,36,0,0,0,0
3505,2056,2072,0,1,1,0,0,36,0,0,36,0,0,0,0
3512,2056,2072,0,1,1,0,0,36,0,0,36,0,0,0,0
3518,2080,2096,0,1,1,0,0,36,0,0,36,0,0,0,0
3520,2088,2104,4,1,1,0,0,36,0,0,36,0,0,0,0
3522,2096,2112,8,1,1,0,0,36,0,0,36,0,0,0,0
3529,2080,2096,0,1,1,0,0,36,0,0,36,0,0,0,0
3531,2088,2104,4,1,1,0,0,36,0,0,36,0,0,0,0
3533,2096,2112,8,1,1,0,0,36,0,0,36,0,0,0,0
3540,2080,2096,0,1,1,0,0,36,0,0,36,0,0,0,0
3542,2088,2104,4,1,1,0,0,36,0,0,36,0,0,0,0
3544,2096,2112,8,1,1,0,0,36,0,0,36,0,0,0,0
3551,2080,2096,0,1,1,0,0,36,0,0,36,0,0,0,0
3553,2088,2104,4,1,1,0,0,36,0,0,36,0,0,0,0
3555,2096,2112,8,1,1,0,0,36,0,0,36,0,0,0,0
3561,2120,2136,0,1,1,0,0,36,0,0,36,0,0,0,0
3563,2128,2144,16,1,1,0,0,36,0,0,36,0,0,0,0
3565,2136,2152,4,1,1,0,0,36,0,0,36,0,0,0,0
3567,2144,2160,0,1,1,0,0,36,0,0,36,0,0,0,0
3573,2120,2136,0,1,1,0,0,36,0,0,36,0,0,0,0
3575,2128,2144,16,1,1,0,0,36,0,0,36,0,0,0,0
3577,2136,2152,4,1,1,0,0,36,0,0,36,0,0,0,0
3579,2144,2160,0,1,1,0,0,36,0,0,36,0,0,0,0
3585,2120,2136,0,1,1,0,0,36,0,0,36,0,0,0,0
3587,2128,2144,16,1,1,0,0,36,0,0,36,0,0,0,0
3589,2136,2152,4,1,1,0,0,36,0,0,36,0,0,0,0
3591,2144,2160,0,1,1,0,0,36,0,0,36,0,0,0,0
3597,2120,2136,0,1,1,0,0,36,0,0,36,0,0,0,0
3599,2128,2144,16,1,1,0,0,36,0,0,36,0,0,0,0
3601,2136,2152,4,1,1,0,0,36,0,0,36,0,0,0,0
3603,2144,2160,0,1,1,0,0,36,0,0,36,0,0,0,0
3609,2168,2200,0,1,1,0,0,36,0,0,36,0,0,0,0
3613,2200,2216,32,1,1,0,0,36,0,0,36,0,0,0,0
3615,2208,2176,36,1,1,0,0,36,0,0,36,0,0,0,0
3625,2168,2200,4,1,1,0,0,36,0,0,36,0,0,0,0
3629,2200,2216,36,1,1,0,0,36,0,0,36,0,0,0,0
3631,2208,2176,40,1,1,0,0,36,0,0,36,0,0,0,0
3641,2168,2200,8,1,1,0,0,36,0,0,36,0,0,0,0
3645,2200,2216,40,1,1,0,0,36,0,0,36,0,0,0,0
3647,2208,2176,44,1,1,0,0,36,0,0,36,0,0,0,0
3657,2200,2216,44,1,1,0,0,36,0,0,36,0,0,0,0
3659,2208,2176,48,1,1,0,0,36,0,0,36,0,0,0,0
3669,2168,2200,16,1,1,0,0,36,0,0,36,0,0,0,0
3673,2200,2216,48,1,1,0,0,36,0,0,36,0,0,0,0
3675,2208,2220,52,0,1,0,0,36,0,0,36,1,0,0,0
3678,2208,2224,52,1,1,0,0,36,0,0,36,0,0,0,0
3896,3080,3096,0,1,1,0,0,36,0,0,36,0,0,0,0
3903,3080,3096,0,1,1,0,0,36,0,0,36,0,0,0,0
3910,3080,3096,0,1,1,0,0,36,0,0,36,0,0,0,0
3917,3080,3096,0,1,1,0,0,36,0,0,36,0,0,0,0
3924,3080,3096,0,1,1,0,0,36,0,0,36,0,0,0,0
3931,3080,3096,0,1,1,0,0,36,0,0,36,0,0,0,0
3938,3080,3096,0,1,1,0,0,36,0,0,36,0,0,0,0
3945,3080,3096,0,1,1,0,0,36,0,0,36,0,0,0,0
3951,3104,3120,0,1,1,0,0,36,0,0,36,0,0,0,0
3953,3112,3128,4,1,1,0,0,36,0,0,36,0,0,0,0
3955,3120,3136,8,1,1,0,0,36,0,0,36,0,0,0,0
3962,3104,3120,0,1,1,0,0,36,0,0,36,0,0,0,0
3964,3112,3128,4,1,1,0,0,36,0,0,36,0,0,0,0
3966,3120,3136,8,1,1,0,0,36,0,0,36,0,0,0,0
3973,3104,3120,0,1,1,0,0,36,0,0,36,0,0,0,0
3975,3112,3128,4,1,1,0,0,36,0,0,36,0,0,0,0
3977,3120,3136,8,1,1,0,0,36,0,0,36,0,0,0,0
3984,3104,3120,0,1,1,0,0,36,0,0,36,0,0,0,0
3986,3112,3128,4,1,1,0,0,36,0,0,36,0,0,0,0
3988,3120,3136,8,1,1,0,0,36,0,0,36,0,0,0,0
3994,3144,3160,0,1,1,0,0,36,0,0,36,0,0,0,0
3996,3152,3168,16,1,1,0,0,36,0,0,36,0,0,0,0
3998,3160,3176,4,1,1,0,0,36,0,0,36,0,0,0,0
4000,3168,3184,0,1,1,0,0,36,0,0,36,0,0,0,0
4006,3144,3160,0,1,1,0,0,36,0,0,36,0,0,0,0
4008,3152,3168,16,1,1,0,0,36,0,0,36,0,0,0,0
4010,3160,3176,4,1,1,0,0,36,0,0,36,0,0,0,0
4012,3168,3184,0,1,1,0,0,36,0,0,36,0,0,0,0
4018,3144,3160,0,1,1,0,0,36,0,0,36,0,0,0,0
4020,3152,3168,16,1,1,0,0,36,0,0,36,0,0,0,0
4022,3160,3176,4,1,1,0,0,36,0,0,36,0,0,0,0
4024,3168,3184,0,1,1,0,0,36,0,0,36,0,0,0,0
4030,3144,3160,0,1,1,0,0,36,0,0,36,0,0,0,0
4032,3152,3168,16,1,1,0,0,36,0,0,36,0,0,0,0
4034,3160,3176,4,1,1,0,0,36,0,0,36,0,0,0,0
4036,3168,3184,0,1,1,0,0,36,0,0,36,0,0,0,0
4042,3192,3224,0,1,1,0,0,36,0,0,36,0,0,0,0
4046,3224,3240,32,1,1,0,0,36,0,0,36,0,0,0,0
4048,3232,3200,36,1,1,0,0,36,0,0,36,0,0,0,0
4058,3192,3224,4,1,1,0,0,36,0,0,36,0,0,0,0
4062,3224,3240,36,1,1,0,0,36,0,0,36,0,0,0,0
4064,3232,3200,40,1,1,0,0,36,0,0,36,0,0,0,0
4074,3192,3224,8,1,1,0,0,36,0,0,36,0,0,0,0
4078,3224,3240,40,1,1,0,0,36,0,0,36,0,0,0,0
4080,3232,3200,44,1,1,0,0,36,0,0,36,0,0,0,0
4090,3224,3240,44,1,1,0,0,36,0,0,36,0,0,0,0
4092,3232,3200,48,1,1,0,0,36,0,0,36,0,0,0,0
4102,3192,3224,16,1,1,0,0,36,0,0,36,0,0,0,0
4106,3224,3240,48,1,1,0,0,36,0,0,36,0,0,0,0
4108,3232,3200,52,1,1,0,0,36,0,0,36,0,0,0,0
4118,3192,3224,20,1,1,0,0,36,0,0,36,0,0,0,0
4122,3224,3240,52,1,1,0,0,36,0,0,36,0,0,0,0
4124,3232,3244,56,0,1,0,0,36,0,0,36,1,0,0,0
4127,3232,3248,56,1,1,0,0,36,0,0,36,0,0,0,0
4345,4104,4120,0,1,1,0,0,36,0,0,36,0,0,0,0
4352,4104,4120,0,1,1,0,0,36,0,0,36,0,0,0,0
4359,4104,4120,0,1,1,0,0,36,0,0,36,0,0,0,0
4366,4104,4120,0,1,1,0,0,36,0,0,36,0,0,0,0
4373,4104,4120,0,1,1,0,0,36,0,0,36,0,0,0,0
4380,4104,4120,0,1,1,0,0,36,0,0,36,0,0,0,0
4387,4104,4120,0,1,1,0,0,36,0,0,36,0,0,0,0
4394,4104,4120,0,1,1,0,0,36,0,0,36,0,0,0,0
4400,4128,4144,0,1,1,0,0,36,0,0,36,0,0,0,0
4402,4136,4152,4,1,1,0,0,36,0,0,36,0,0,0,0
4404,4144,4160,8,1,1,0,0,36,0,0,36,0,0,0,0
4411,4128,4144,0,1,1,0,0,36,0,0,36,0,0,0,0
4413,4136,4152,4,1,1,0,0,36,0,0,36,0,0,0,0
4415,4144,4160,8,1,1,0,0,36,0,0,36,0,0,0,0
4422,4128,4144,0,1,1,0,0,36,0,0,36,0,0,0,0
4424,4136,4152,4,1,1,0,0,36,0,0,36,0,0,0,0
4426,4144,4160,8,1,1,0,0,36,0,0,36,0,0,0,0
4433,4128,4144,0,1,1,0,0,36,0,0,36,0,0,0,0
4435,4136,4152,4,1,1,0,0,36,0,0,36,0,0,0,0
4437,4144,4160,8,1,1,0,0,36,0,0,36,0,0,0,0
4443,4168,4184,0,1,1,0,0,36,0,0,36,0,0,0,0
4445,4176,4192,16,1,1,0,0,36,0,0,36,0,0,0,0
4447,4184,4200,4,1,1,0,0,36,0,0,36,0,0,0,0
4449,4192,4208,0,1,1,0,0,36,0,0,36,0,0,0,0
4455,4168,4184,0,1,1,0,0,36,0,0,36,0,0,0,0
4457,4176,4192,16,1,1,0,0,36,0,0,36,0,0,0,0
4459,4184,4200,4,1,1,0,0,36,0,0,36,0,0,0,0
4461,4192,4208,0,1,1,0,0,36,0,0,36,0,0,0,0
4467,4168,4184,0,1,1,0,0,36,0,0,36,0,0,0,0
4469,4176,4192,16,1,1,0,0,36,0,0,36,0,0,0,0
4471,4184,4200,4,1,1,0,0,36,0,0,36,0,0,0,0
4473,4192,4208,0,1,1,0,0,36,0,0,36,0,0,0,0
4479,4168,4184,0,1,1,0,0,36,0,0,36,0,0,0,0
4481,4176,4192,16,1,1,0,0,36,0,0,36,0,0,0,0
4483,4184,4200,4,1,1,0,0,36,0,0,36,0,0,0,0
4485,4192,4208,0,1,1,0,0,36,0,0,36,0,0,0,0
4491,4216,4248,0,1,1,0,0,36,0,0,36,0,0,0,0
4495,4248,4264,32,1,1,0,0,36,0,0,36,0,0,0,0
4497,4256,4224,36,1,1,0,0,36,0,0,36,0,0,0,0
4507,4216,4248,4,1,1,0,0,36,0,0,36,0,0,0,0
4511,4248,4264,36,1,1,0,0,36,0,0,36,0,0,0,0
4513,4256,4224,40,1,1,0,0,36,0,0,36,0,0,0,0
4523,4216,4248,8,1,1,0,0,36,0,0,36,0,0,0,0
4527,4248,4264,40,1,1,0,0,36,0,0,36,0,0,0,0
4529,4256,4224,44,1,1,0,0,36,0,0,36,0,0,0,0
4539,4248,4264,44,1,1,0,0,36,0,0,36,0,0,0,0
4541,4256,4224,48,1,1,0,0,36,0,0,36,0,0,0,0
4551,4216,4248,16,1,1,0,0,36,0,0,36,0,0,0,0
4555,4248,4264,48,1,1,0,0,36,0,0,36,0,0,0,0
4557,4256,4224,52,1,1,0,0,36,0,0,36,0,0,0,0
4567,4216,4248,20,1,1,0,0,36,0,0,36,0,0,0,0
4571,4248,4264,52,1,1,0,0,36,0,0,36,0,0,0,0
4573,4256,4224,56,1,1,0,0,36,0,0,36,0,0,0,0
4583,4216,4248,24,1,1,0,0,36,0,0,36,0,0,0,0
4587,4248,4264,56,1,1,0,0,36,0,0,36,0,0,0,0
4589,4256,4268,60,0,1,0,0,36,0,0,36,1,0,0,0
4592,4256,4272,60,1,1,0,0,36,0,0,36,0,0,0,0
4810,5128,5144,0,1,1,0,0,36,0,0,36,0,0,0,0
4817,5128,5144,0,1,1,0,0,36,0,0,36,0,0,0,0
4824,5128,5144,0,1,1,0,0,36,0,0,36,0,0,0,0
4831,5128,5144,0,1,1,0,0,36,0,0,36,0,0,0,0
4838,5128,5144,0,1,1,0,0,36,0,0,36,0,0,0,0
4845,5128,5144,0,1,1,0,0,36,0,0,36,0,0,0,0
4852,5128,5144,0,1,1,0,0,36,0,0,36,0,0,0,0
4859,5128,5144,0,1,1,0,0,36,0,0,36,0,0,0,0
4865,5152,5168,0,1,1,0,0,36,0,0,36,0,0,0,0
4867,5160,5176,4,1,1,0,0,36,0,0,36,0,0,0,0
4869,5168,5184,8,1,1,0,0,36,0,0,36,0,0,0,0
4876,5152,5168,0,1,1,0,0,36,0,0,36,0,0,0,0
4878,5160,5176,4,1,1,0,0,36,0,0,36,0,0,0,0
4880,5168,5184,8,1,1,0,0,36,0,0,36,0,0,0,0
4887,5152,5168,0,1,1,0,0,36,0,0,36,0,0,0,0
4889,5160,5176,4,1,1,0,0,36,0,0,36,0,0,0,0
4891,5168,5184,8,1,1,0,0,36,0,0,36,0,0,0,0
4898,5152,5168,0,1,1,0,0,36,0,0,36,0,0,0,0
4900,5160,5176,4,1,1,0,0,36,0,0,36,0,0,0,0
4902,5168,5184,8,1,1,0,0,36,0,0,36,0,0,0,0
4908,5192,5208,0,1,1,0,0,36,0,0,36,0,0,0,0
4910,5200,5216,16,1,1,0,0,36,0,0,36,0,0,0,0
4912,5208,5224,4,1,1,0,0,36,0,0,36,0,0,0,0
4914,5216,5232,0,1,1,0,0,36,0,0,36,0,0,0,0
4920,5192,5208,0,1,1,0,0,36,0,0,36,0,0,0,0
4922,5200,5216,16,1,1,0,0,36,0,0,36,0,0,0,0
4924,5208,5224,4,1,1,0,0,36,0,0,36,0,0,0,0
4926,5216,5232,0,1,1,0,0,36,0,0,36,0,0,0,0
4932,5192,5208,0,1,1,0,0,36,0,0,36,0,0,0,0
4934,5200,5216,16,1,1,0,0,36,0,0,36,0,0,0,0
4936,5208,5224,4,1,1,0,0,36,0,0,36,0,0,0,0
4938,5216,5232,0,1,1,0,0,36,0,0,36,0,0,0,0
4944,5192,5208,0,1,1,0,0,36,0,0,36,0,0,0,0
4946,5200,5216,16,1,1,0,0,36,0,0,36,0,0,0,0
4948,5208,5224,4,1,1,0,0,36,0,0,36,0,0,0,0
4950,5216,5232,0,1,1,0,0,36,0,0,36,0,0,0,0
4956,5240,5272,0,1,1,0,0,36,0,0,36,0,0,0,0
4960,5272,5288,32,1,1,0,0,36,0,0,36,0,0,0,0
4962,5280,5248,36,1,1,0,0,36,0,0,36,0,0,0,0
4972,5240,5272,4,1,1,0,0,36,0,0,36,0,0,0,0
4976,5272,5288,36,1,1,0,0,36,0,0,36,0,0,0,0
4978,5280,5248,40,1,1,0,0,36,0,0,36,0,0,0,0
4988,5240,5272,8,1,1,0,0,36,0,0,36,0,0,0,0
4992,5272,5288,40,1,1,0,0,36,0,0,36,0,0,0,0
4994,5280,5248,44,1,1,0,0,36,0,0,36,0,0,0,0
5004,5272,5288,44,1,1,0,0,36,0,0,36,0,0,0,0
5006,5280,5248,48,1,1,0,0,36,0,0,36,0,0,0,0
5016,5240,5272,16,1,1,0,0,36,0,0,36,0,0,0,0
5020,5272,5288,48,1,1,0,0,36,0,0,36,0,0,0,0
5022,5280,5248,52,1,1,0,0,36,0,0,36,0,0,0,0
5032,5240,5272,20,1,1,0,0,36,0,0,36,0,0,0,0
5036,5272,5288,52,1,1,0,0,36,0,0,36,0,0,0,0
5038,5280,5248,56,1,1,0,0,36,0,0,36,0,0,0,0
5048,5240,5272,24,1,1,0,0,36,0,0,36,0,0,0,0
5052,5272,5288,56,1,1,0,0,36,0,0,36,0,0,0,0
5054,5280,5248,60,1,1,0,0,36,0,0,36,0,0,0,0
5064,5240,5272,28,1,1,0,0,36,0,0,36,0,0,0,0
5068,5272,5288,60,1,1,0,0,36,0,0,36,0,0,0,0
5070,5280,5292,64,0,1,0,0,36,0,0,36,1,0,0,0
5073,5280,5296,64,1,1,0,0,36,0,0,36,0,0,0,0
5248,0,5996,0,0,0,1,0,36,0,0,36,0,0,0,0
5249,0,6000,0,0,0,0,1,2060,0,0,36,0,0,0,0
5291,6152,6164,0,0,0,0,0,2060,0,0,36,1,0,0,0
5294,6152,6168,0,1,1,0,0,2060,0,0,36,0,0,0,0
5301,6152,6168,0,1,1,0,0,2060,0,0,36,0,0,0,0
5308,6152,6168,0,1,1,0,0,2060,0,0,36,0,0,0,0
5315,6152,6168,0,1,1,0,0,2060,0,0,36,0,0,0,0
5322,6152,6168,0,1,1,0,0,2060,0,0,36,0,0,0,0
5329,6152,6168,0,1,1,0,0,2060,0,0,36,0,0,0,0
5336,6152,6168,0,1,1,0,0,2060,0,0,36,0,0,0,0
5342,6176,6192,0,1,1,0,0,2060,0,0,36,0,0,0,0
5344,6184,6200,4,1,1,0,0,2060,0,0,36,0,0,0,0
5346,6192,6208,8,1,1,0,0,2060,0,0,36,0,0,0,0
5353,6176,6192,0,1,1,0,0,2060,0,0,36,0,0,0,0
5355,6184,6200,4,1,1,0,0,2060,0,0,36,0,0,0,0
5357,6192,6208,8,1,1,0,0,2060,0,0,36,0,0,0,0
5364,6176,6192,0,1,1,0,0,2060,0,0,36,0,0,0,0
5366,6184,6200,4,1,1,0,0,2060,0,0,36,0,0,0,0
5368,6192,6208,8,1,1,0,0,2060,0,0,36,0,0,0,0
5375,6176,6192,0,1,1,0,0,2060,0,0,36,0,0,0,0
5377,6184,6200,4,1,1,0,0,2060,0,0,36,0,0,0,0
5379,6192,6208,8,1,1,0,0,2060,0,0,36,0,0,0,0
5385,6216,6232,0,1,1,0,0,2060,0,0,36,0,0,0,0
5387,6224,6240,16,1,1,0,0,2060,0,0,36,0,0,0,0
5389,6232,6248,4,1,1,0,0,2060,0,0,36,0,0,0,0
5391,6240,6256,0,1,1,0,0,2060,0,0,36,0,0,0,0
5397,6216,6232,0,1,1,0,0,2060,0,0,36,0,0,0,0
5399,6224,6240,16,1,1,0,0,2060,0,0,36,0,0,0,0
5401,6232,6248,4,1,1,0,0,2060,0,0,36,0,0,0,0
5403,6240,6256,0,1,1,0,0,2060,0,0,36,0,0,0,0
5409,6216,6232,0,1,1,0,0,2060,0,0,36,0,0,0,0
5411,6224,6240,16,1,1,0,0,2060,0,0,36,0,0,0,0
5413,6232,6248,4,1,1,0,0,2060,0,0,36,0,0,0,0
5415,6240,6256,0,1,1,0,0,2060,0,0,36,0,0,0,0
5421,6216,6232,0,1,1,0,0,2060,0,0,36,0,0,0,0
5423,6224,6240,16,1,1,0,0,2060,0,0,36,0,0,0,0
5425,6232,6248,4,1,1,0,0,2060,0,0,36,0,0,0,0
5427,6240,6256,0,1,1,0,0,2060,0,0,36,0,0,0,0
5433,6264,6296,0,1,1,0,0,2060,0,0,36,0,0,0,0
5437,6296,6312,32,1,1,0,0,2060,0,0,36,0,0,0,0
5439,6304,6272,36,1,1,0,0,2060,0,0,36,0,0,0,0
5449,6264,6296,4,1,1,0,0,2060,0,0,36,0,0,0,0
5453,6296,6312,36,1,1,0,0,2060,0,0,36,0,0,0,0
5455,6304,6272,40,1,1,0,0,2060,0,0,36,0,0,0,0
5465,6264,6296,8,1,1,0,0,2060,0,0,36,0,0,0,0
5469,6296,6312,40,1,1,0,0,2060,0,0,36,0,0,0,0
5471,6304,6272,44,1,1,0,0,2060,0,0,36,0,0,0,0
5481,6296,6312,44,1,1,0,0,2060,0,0,36,0,0,0,0
5483,6304,6272,48,1,1,0,0,2060,0,0,36,0,0,0,0
5493,6264,6296,16,1,1,0,0,2060,0,0,36,0,0,0,0
5497,6296,6312,48,1,1,0,0,2060,0,0,36,0,0,0,0
5499,6304,6272,52,1,1,0,0,2060,0,0,36,0,0,0,0
5509,6264,6296,20,1,1,0,0,2060,0,0,36,0,0,0,0
5513,6296,6312,52,1,1,0,0,2060,0,0,36,0,0,0,0
5515,6304,6272,56,1,1,0,0,2060,0,0,36,0,0,0,0
5525,6264,6296,24,1,1,0,0,2060,0,0,36,0,0,0,0
5529,6296,6312,56,1,1,0,0,2060,0,0,36,0,0,0,0
5531,6304,6272,60,1,1,0,0,2060,0,0,36,0,0,0,0
5541,6264,6296,28,1,1,0,0,2060,0,0,36,0,0,0,0
5545,6296,6312,60,1,1,0,0,2060,0,0,36,0,0,0,0
5547,6304,6316,64,0,1,0,0,2060,0,0,36,1,0,0,0
5550,6304,6320,64,1,1,0,0,2060,0,0,36,0,0,0,0
5768,7176,7188,0,0,1,0,0,2060,0,0,36,1,0,0,0
5771,7176,7192,0,1,1,0,0,2060,0,0,36,0,0,0,0
5778,7176,7192,0,1,1,0,0,2060,0,0,36,0,0,0,0
5785,7176,7192,0,1,1,0,0,2060,0,0,36,0,0,0,0
5792,7176,7192,0,1,1,0,0,2060,0,0,36,0,0,0,0
5799,7176,7192,0,1,1,0,0,2060,0,0,36,0,0,0,0
5806,7176,7192,0,1,1,0,0,2060,0,0,36,0,0,0,0
5813,7176,7192,0,1,1,0,0,2060,0,0,36,0,0,0,0
5819,7200,7216,0,1,1,0,0,2060,0,0,36,0,0,0,0
5821,7208,7224,4,1,1,0,0,2060,0,0,36,0,0,0,0
5823,7216,7232,8,1,1,0,0,2060,0,0,36,0,0,0,0
5830,7200,7216,0,1,1,0,0,2060,0,0,36,0,0,0,0
5832,7208,7224,4,1,1,0,0,2060,0,0,36,0,0,0,0
5834,7216,7232,8,1,1,0,0,2060,0,0,36,0,0,0,0
5841,7200,7216,0,1,1,0,0,2060,0,0,36,0,0,0,0
5843,7208,7224,4,1,1,0,0,2060,0,0,36,0,0,0,0
5845,7216,7232,8,1,1,0,0,2060,0,0,36,0,0,0,0
5852,7200,7216,0,1,1,0,0,2060,0,0,36,0,0,0,0
5854,7208,7224,4,1,1,0,0,2060,0,0,36,0,0,0,0
5856,7216,7232,8,1,1,0,0,2060,0,0,36,0,0,0,0
5862,7240,7256,0,1,1,0,0,2060,0,0,36,0,0,0,0
5864,7248,7264,16,1,1,0,0,2060,0,0,36,0,0,0,0
5866,7256,7272,4,1,1,0,0,2060,0,0,36,0,0,0,0
5868,7264,7280,0,1,1,0,0,2060,0,0,36,0,0,0,0
5874,7240,7256,0,1,1,0,0,2060,0,0,36,0,0,0,0
5876,7248,7264,16,1,1,0,0,2060,0,0,36,0,0,0,0
5878,7256,7272,4,1,1,0,0,2060,0,0,36,0,0,0,0
5880,7264,7280,0,1,1,0,0,2060,0,0,36,0,0,0,0
5886,7240,7256,0,1,1,0,0,2060,0,0,36,0,0,0,0
5888,7248,7264,16,1,1,0,0,2060,0,0,36,0,0,0,0
5890,7256,7272,4,1,1,0,0,2060,0,0,36,0,0,0,0
5892,7264,7280,0,1,1,0,0,2060,0,0,36,0,0,0,0
5898,7240,7256,0,1,1,0,0,2060,0,0,36,0,0,0,0
5900,7248,7264,16,1,1,0,0,2060,0,0,36,0,0,0,0
5902,7256,7272,4,1,1,0,0,2060,0,0,36,0,0,0,0
5904,7264,7280,0,1,1,0,0,2060,0,0,36,0,0,0,0
5910,7288,7320,0,1,1,0,0,2060,0,0,36,0,0,0,0
5914,7320,7336,32,1,1,0,0,2060,0,0,36,0,0,0,0
5916,7328,7296,36,1,1,0,0,2060,0,0,36,0,0,0,0
5926,7288,7320,4,1,1,0,0,2060,0,0,36,0,0,0,0
5930,7320,7336,36,1,1,0,0,2060,0,0,36,0,0,0,0
5932,7328,7296,40,1,1,0,0,2060,0,0,36,0,0,0,0
5942,7288,7320,8,1,1,0,0,2060,0,0,36,0,0,0,0
5946,7320,7336,40,1,1,0,0,2060,0,0,36,0,0,0,0
5948,7328,7296,44,1,1,0,0,2060,0,0,36,0,0,0,0
5958,7320,7336,44,1,1,0,0,2060,0,0,36,0,0,0,0
5960,7328,7296,48,1,1,0,0,2060,0,0,36,0,0,0,0
5970,7288,7320,16,1,1,0,0,2060,0,0,36,0,0,0,0
5974,7320,7336,48,1,1,0,0,2060,0,0,36,0,0,0,0
5976,7328,7296,52,1,1,0,0,2060,0,0,36,0,0,0,0
5986,7288,7320,20,1,1,0,0,2060,0,0,36,0,0,0,0
5990,7320,7336,52,1,1,0,0,2060,0,0,36,0,0,0,0
5992,7328,7296,56,1,1,0,0,2060,0,0,36,0,0,0,0
6002,7288,7320,24,1,1,0,0,2060,0,0,36,0,0,0,0
6006,7320,7336,56,1,1,0,0,2060,0,0,36,0,0,0,0
6008,7328,7296,60,1,1,0,0,2060,0,0,36,0,0,0,0
6018,7288,7320,28,1,1,0,0,2060,0,0,36,0,0,0,0
6022,7320,7336,60,1,1,0,0,2060,0,0,36,0,0,0,0
6024,7328,7340,64,0,1,0,0,2060,0,0,36,1,0,0,0
6027,7328,7344,64,1,1,0,0,2060,0,0,36,0,0,0,0
6245,8200,8212,0,0,1,0,0,2060,0,0,36,1,0,0,0
6248,8200,8216,0,1,1,0,0,2060,0,0,36,0,0,0,0
6255,8200,8216,0,1,1,0,0,2060,0,0,36,0,0,0,0
6262,8200,8216,0,1,1,0,0,2060,0,0,36,0,0,0,0
6269,8200,8216,0,1,1,0,0,2060,0,0,36,0,0,0,0
6276,8200,8216,0,1,1,0,0,2060,0,0,36,0,0,0,0
6283,8200,8216,0,1,1,0,0,2060,0,0,36,0,0,0,0
6290,8200,8216,0,1,1,0,0,2060,0,0,36,0,0,0,0
6296,8224,8240,0,1,1,0,0,2060,0,0,36,0,0,0,0
6298,8232,8248,4,1,1,0,0,2060,0,0,36,0,0,0,0
6300,8240,8256,8,1,1,0,0,2060,0,0,36,0,0,0,0
6307,8224,8240,0,1,1,0,0,2060,0,0,36,0,0,0,0
6309,8232,8248,4,1,1,0,0,2060,0,0,36,0,0,0,0
6311,8240,8256,8,1,1,0,0,2060,0,0,36,0,0,0,0
6318,8224,8240,0,1,1,0,0,2060,0,0,36,0,0,0,0
6320,8232,8248,4,1,1,0,0,2060,0,0,36,0,0,0,0
6322,8240,8256,8,1,1,0,0,2060,0,0,36,0,0,0,0
6329,8224,8240,0,1,1,0,0,2060,0,0,36,0,0,0,0
6331,8232,8248,4,1,1,0,0,2060,0,0,36,0,0,0,0
6333,8240,8256,8,1,1,0,0,2060,0,0,36,0,0,0,0
6339,8264,8280,0,1,1,0,0,2060,0,0,36,0,0,0,0
6341,8272,8288,16,1,1,0,0,2060,0,0,36,0,0,0,0
6343,8280,8296,4,1,1,0,0,2060,0,0,36,0,0,0,0
6345,8288,8304,0,1,1,0,0,2060,0,0,36,0,0,0,0
6351,8264,8280,0,1,1,0,0,2060,0,0,36,0,0,0,0
6353,8272,8288,16,1,1,0,0,2060,0,0,36,0,0,0,0
6355,8280,8296,4,1,1,0,0,2060,0,0,36,0,0,0,0
6357,8288,8304,0,1,1,0,0,2060,0,0,36,0,0,0,0
6363,8264,8280,0,1,1,0,0,2060,0,0,36,0,0,0,0
6365,8272,8288,16,1,1,0,0,2060,0,0,36,0,0,0,0
6367,8280,8296,4,1,1,0,0,2060,0,0,36,0,0,0,0
6369,8288,8304,0,1,1,0,0,2060,0,0,36,0,0,0,0
6375,8264,8280,0,1,1,0,0,2060,0,0,36,0,0,0,0
6377,8272,8288,16,1,1,0,0,2060,0,0,36,0,0,0,0
6379,8280,8296,4,1,1,0,0,2060,0,0,36,0,0,0,0
6381,8288,8304,0,1,1,0,0,2060,0,0,36,0,0,0,0
6387,8312,8344,0,1,1,0,0,2060,0,0,36,0,0,0,0
6391,8344,8360,32,1,1,0,0,2060,0,0,36,0,0,0,0
6393,8352,8320,36,1,1,0,0,2060,0,0,36,0,0,0,0
6403,8312,8344,4,1,1,0,0,2060,0,0,36,0,0,0,0
6407,8344,8360,36,1,1,0,0,2060,0,0,36,0,0,0,0
6409,8352,8320,40,1,1,0,0,2060,0,0,36,0,0,0,0
6419,8312,8344,8,1,1,0,0,2060,0,0,36,0,0,0,0
6423,8344,8360,40,1,1,0,0,2060,0,0,36,0,0,0,0
6425,8352,8320,44,1,1,0,0,2060,0,0,36,0,0,0,0
6435,8344,8360,44,1,1,0,0,2060,0,0,36,0,0,0,0
6437,8352,8320,48,1,1,0,0,2060,0,0,36,0,0,0,0
6447,8312,8344,16,1,1,0,0,2060,0,0,36,0,0,0,0
6451,8344,8360,48,1,1,0,0,2060,0,0,36,0,0,0,0
6453,8352,8320,52,1,1,0,0,2060,0,0,36,0,0,0,0
6463,8312,8344,20,1,1,0,0,2060,0,0,36,0,0,0,0
6467,8344,8360,52,1,1,0,0,2060,0,0,36,0,0,0,0
6469,8352,8320,56,1,1,0,0,2060,0,0,36,0,0,0,0
6479,8312,8344,24,1,1,0,0,2060,0,0,36,0,0,0,0
6483,8344,8360,56,1,1,0,0,2060,0,0,36,0,0,0,0
6485,8352,8320,60,1,1,0,0,2060,0,0,36,0,0,0,0
6495,8312,8344,28,1,1,0,0,2060,0,0,36,0,0,0,0
6499,8344,8360,60,1,1,0,0,2060,0,0,36,0,0,0,0
6501,8352,8364,64,0,1,0,0,2060,0,0,36,1,0,0,0
6504,8352,8368,64,1,1,0,0,2060,0,0,36,0,0,0,0
6722,9224,9236,0,0,1,0,0,2060,0,0,36,1,0,0,0
6725,9224,9240,0,1,1,0,0,2060,0,0,36,0,0,0,0
6732,9224,9240,0,1,1,0,0,2060,0,0,36,0,0,0,0
6739,9224,9240,0,1,1,0,0,2060,0,0,36,0,0,0,0
6746,9224,9240,0,1,1,0,0,2060,0,0,36,0,0,0,0
6753,9224,9240,0,1,1,0,0,2060,0,0,36,0,0,0,0
6760,9224,9240,0,1,1,0,0,2060,0,0,36,0,0,0,0
6767,9224,9240,0,1,1,0,0,2060,0,0,36,0,0,0,0
6773,9248,9264,0,1,1,0,0,2060,0,0,36,0,0,0,0
6775,9256,9272,4,1,1,0,0,2060,0,0,36,0,0,0,0
6777,9264,9280,8,1,1,0,0,2060,0,0,36,0,0,0,0
6784,9248,9264,0,1,1,0,0,2060,0,0,36,0,0,0,0
6786,9256,9272,4,1,1,0,0,2060,0,0,36,0,0,0,0
6788,9264,9280,8,1,1,0,0,2060,0,0,36,0,0,0,0
6795,9248,9264,0,1,1,0,0,2060,0,0,36,0,0,0,0
6797,9256,9272,4,1,1,0,0,2060,0,0,36,0,0,0,0
6799,9264,9280,8,1,1,0,0,2060,0,0,36,0,0,0,0
6806,9248,9264,0,1,1,0,0,2060,0,0,36,0,0,0,0
6808,9256,9272,4,1,1,0,0,2060,0,0,36,0,0,0,0
6810,9264,9280,8,1,1,0,0,2060,0,0,36,0,0,0,0
6816,9288,9304,0,1,1,0,0,2060,0,0,36,0,0,0,0
6818,9296,9312,16,1,1,0,0,2060,0,0,36,0,0,0,0
6820,9304,9320,4,1,1,0,0,2060,0,0,36,0,0,0,0
6822,9312,9328,0,1,1,0,0,2060,0,0,36,0,0,0,0
6828,9288,9304,0,1,1,0,0,2060,0,0,36,0,0,0,0
6830,9296,9312,16,1,1,0,0,2060,0,0,36,0,0,0,0
6832,9304,9320,4,1,1,0,0,2060,0,0,36,0,0,0,0
6834,9312,9328,0,1,1,0,0,2060,0,0,36,0,0,0,0
6840,9288,9304,0,1,1,0,0,2060,0,0,36,0,0,0,0
6842,9296,9312,16,1,1,0,0,2060,0,0,36,0,0,0,0
6844,9304,9320,4,1,1,0,0,2060,0,0,36,0,0,0,0
6846,9312,9328,0,1,1,0,0,2060,0,0,36,0,0,0,0
6852,9288,9304,0,1,1,0,0,2060,0,0,36,0,0,0,0
6854,9296,9312,16,1,1,0,0,2060,0,0,36,0,0,0,0
6856,9304,9320,4,1,1,0,0,2060,0,0,36,0,0,0,0
6858,9312,9328,0,1,1,0,0,2060,0,0,36,0,0,0,0
6864,9336,9368,0,1,1,0,0,2060,0,0,36,0,0,0,0
6868,9368,9384,32,1,1,0,0,2060,0,0,36,0,0,0,0
6870,9376,9344,36,1,1,0,0,2060,0,0,36,0,0,0,0
6880,9336,9368,4,1,1,0,0,2060,0,0,36,0,0,0,0
6884,9368,9384,36,1,1,0,0,2060,0,0,36,0,0,0,0
6886,9376,9344,40,1,1,0,0,2060,0,0,36,0,0,0,0
6896,9336,9368,8,1,1,0,0,2060,0,0,36,0,0,0,0
6900,9368,9384,40,1,1,0,0,2060,0,0,36,0,0,0,0
6902,9376,9344,44,1,1,0,0,2060,0,0,36,0,0,0,0
6912,9368,9384,44,1,1,0,0,2060,0,0,36,0,0,0,0
6914,9376,9344,48,1,1,0,0,2060,0,0,36,0,0,0,0
6924,9336,9368,16,1,1,0,0,2060,0,0,36,0,0,0,0
6928,9368,9384,48,1,1,0,0,2060,0,0,36,0,0,0,0
6930,9376,9344,52,1,1,0,0,2060,0,0,36,0,0,0,0
6940,9336,9368,20,1,1,0,0,2060,0,0,36,0,0,0,0
6944,9368,9384,52,1,1,0,0,2060,0,0,36,0,0,0,0
6946,9376,9344,56,1,1,0,0,2060,0,0,36,0,0,0,0
6956,9336,9368,24,1,1,0,0,2060,0,0,36,0,0,0,0
6960,9368,9384,56,1,1,0,0,2060,0,0,36,0,0,0,0
6962,9376,9344,60,1,1,0,0,2060,0,0,36,0,0,0,0
6972,9336,9368,28,1,1,0,0,2060,0,0,36,0,0,0,0
6976,9368,9384,60,1,1,0,0,2060,0,0,36,0,0,0,0
6978,9376,9388,64,0,1,0,0,2060,0,0,36,1,0,0,0
6981,9376,9392,64,1,1,0,0,2060,0,0,36,0,0,0,0
7199,10248,10260,0,0,1,0,0,2060,0,0,36,1,0,0,0
7202,10248,10264,0,1,1,0,0,2060,0,0,36,0,0,0,0
7209,10248,10264,0,1,1,0,0,2060,0,0,36,0,0,0,0
7216,10248,10264,0,1,1,0,0,2060,0,0,36,0,0,0,0
7223,10248,10264,0,1,1,0,0,2060,0,0,36,0,0,0,0
7230,10248,10264,0,1,1,0,0,2060,0,0,36,0,0,0,0
7237,10248,10264,0,1,1,0,0,2060,0,0,36,0,0,0,0
7244,10248,10264,0,1,1,0,0,2060,0,0,36,0,0,0,0
7250,10272,10288,0,1,1,0,0,2060,0,0,36,0,0,0,0
7252,10280,10296,4,1,1,0,0,2060,0,0,36,0,0,0,0
7254,10288,10304,8,1,1,0,0,2060,0,0,36,0,0,0,0
7261,10272,10288,0,1,1,0,0,2060,0,0,36,0,0,0,0
7263,10280,10296,4,1,1,0,0,2060,0,0,36,0,0,0,0
7265,10288,10304,8,1,1,0,0,2060,0,0,36,0,0,0,0
7272,10272,10288,0,1,1,0,0,2060,0,0,36,0,0,0,0
7274,10280,10296,4,1,1,0,0,2060,0,0,36,0,0,0,0
7276,10288,10304,8,1,1,0,0,2060,0,0,36,0,0,0,0
7283,10272,10288,0,1,1,0,0,2060,0,0,36,0,0,0,0
7285,10280,10296,4,1,1,0,0,2060,0,0,36,0,0,0,0
7287,10288,10304,8,1,1,0,0,2060,0,0,36,0,0,0,0
7293,10312,10328,0,1,1,0,0,2060,0,0,36,0,0,0,0
7295,10320,10336,16,1,1,0,0,2060,0,0,36,0,0,0,0
7297,10328,10344,4,1,1,0,0,2060,0,0,36,0,0,0,0
7299,10336,10352,0,1,1,0,0,2060,0,0,36,0,0,0,0
7305,10312,10328,0,1,1,0,0,2060,0,0,36,0,0,0,0
7307,10320,10336,16,1,1,0,0,2060,0,0,36,0,0,0,0
7309,10328,10344,4,1,1,0,0,2060,0,0,36,0,0,0,0
7311,10336,10352,0,1,1,0,0,2060,0,0,36,0,0,0,0
7317,10312,10328,0,1,1,0,0,2060,0,0,36,0,0,0,0
7319,10320,10336,16,1,1,0,0,2060,0,0,36,0,0,0,0
7321,10328,10344,4,1,1,0,0,2060,0,0,36,0,0,0,0
7323,10336,10352,0,1,1,0,0,2060,0,0,36,0,0,0,0
7329,10312,10328,0,1,1,0,0,2060,0,0,36,0,0,0,0
7331,10320,10336,16,1,1,0,0,2060,0,0,36,0,0,0,0
7333,10328,10344,4,1,1,0,0,2060,0,0,36,0,0,0,0
7335,10336,10352,0,1,1,0,0,2060,0,0,36,0,0,0,0
7341,10360,10392,0,1,1,0,0,2060,0,0,36,0,0,0,0
7345,10392,10408,32,1,1,0,0,2060,0,0,36,0,0,0,0
7347,10400,10368,36,1,1,0,0,2060,0,0,36,0,0,0,0
7357,10360,10392,4,1,1,0,0,2060,0,0,36,0,0,0,0
7361,10392,10408,36,1,1,0,0,2060,0,0,36,0,0,0,0
7363,10400,10368,40,1,1,0,0,2060,0,0,36,0,0,0,0
7373,10360,10392,8,1,1,0,0,2060,0,0,36,0,0,0,0
7377,10392,10408,40,1,1,0,0,2060,0,0,36,0,0,0,0
7379,10400,10368,44,1,1,0,0,2060,0,0,36,0,0,0,0
7389,10392,10408,44,1,1,0,0,2060,0,0,36,0,0,0,0
7391,10400,10368,48,1,1,0,0,2060,0,0,36,0,0,0,0
7401,10360,10392,16,1,1,0,0,2060,0,0,36,0,0,0,0
7405,10392,10408,48,1,1,0,0,2060,0,0,36,0,0,0,0
7407,10400,10368,52,1,1,0,0,2060,0,0,36,0,0,0,0
7417,10360,10392,20,1,1,0,0,2060,0,0,36,0,0,0,0
7421,10392,10408,52,1,1,0,0,2060,0,0,36,0,0,0,0
7423,10400,10368,56,1,1,0,0,2060,0,0,36,0,0,0,0
7433,10360,10392,24,1,1,0,0,2060,0,0,36,0,0,0,0
7437,10392,10408,56,1,1,0,0,2060,0,0,36,0,0,0,0
7439,10400,10368,60,1,1,0,0,2060,0,0,36,0,0,0,0
7449,10360,10392,28,1,1,0,0,2060,0,0,36,0,0,0,0
7453,10392,10408,60,1,1,0,0,2060,0,0,36,0,0,0,0
7455,10400,10412,64,0,1,0,0,2060,0,0,36,1,0,0,0
7458,10400,10416,64,1,1,0,0,2060,0,0,36,0,0,0,0
7676,11272,11284,0,0,1,0,0,2060,0,0,36,1,0,0,0
7679,11272,11288,0,1,1,0,0,2060,0,0,36,0,0,0,0
7686,11272,11288,0,1,1,0,0,2060,0,0,36,0,0,0,0
7693,11272,11288,0,1,1,0,0,2060,0,0,36,0,0,0,0
7700,11272,11288,0,1,1,0,0,2060,0,0,36,0,0,0,0
7707,11272,11288,0,1,1,0,0,2060,0,0,36,0,0,0,0
7714,11272,11288,0,1,1,0,0,2060,0,0,36,0,0,0,0
7721,11272,11288,0,1,1,0,0,2060,0,0,36,0,0,0,0
7727,11296,11312,0,1,1,0,0,2060,0,0,36,0,0,0,0
7729,11304,11320,4,1,1,0,0,2060,0,0,36,0,0,0,0
7731,11312,11328,8,1,1,0,0,2060,0,0,36,0,0,0,0
7738,11296,11312,0,1,1,0,0,2060,0,0,36,0,0,0,0
7740,11304,11320,4,1,1,0,0,2060,0,0,36,0,0,0,0
7742,11312,11328,8,1,1,0,0,2060,0,0,36,0,0,0,0
7749,11296,11312,0,1,1,0,0,2060,0,0,36,0,0,0,0
7751,11304,11320,4,1,1,0,0,2060,0,0,36,0,0,0,0
7753,11312,11328,8,1,1,0,0,2060,0,0,36,0,0,0,0
7760,11296,11312,0,1,1,0,0,2060,0,0,36,0,0,0,0
7762,11304,11320,4,1,1,0,0,2060,0,0,36,0,0,0,0
7764,11312,11328,8,1,1,0,0,2060,0,0,36,0,0,0,0
7770,11336,11352,0,1,1,0,0,2060,0,0,36,0,0,0,0
7772,11344,11360,16,1,1,0,0,2060,0,0,36,0,0,0,0
7774,11352,11368,4,1,1,0,0,2060,0,0,36,0,0,0,0
7776,11360,11376,0,1,1,0,0,2060,0,0,36,0,0,0,0
7782,11336,11352,0,1,1,0,0,2060,0,0,36,0,0,0,0
7784,11344,11360,16,1,1,0,0,2060,0,0,36,0,0,0,0
7786,11352,11368,4,1,1,0,0,2060,0,0,36,0,0,0,0
7788,11360,11376,0,1,1,0,0,2060,0,0,36,0,0,0,0
7794,11336,11352,0,1,1,0,0,2060,0,0,36,0,0,0,0
7796,11344,11360,16,1,1,0,0,2060,0,0,36,0,0,0,0
7798,11352,11368,4,1,1,0,0,2060,0,0,36,0,0,0,0
7800,11360,11376,0,1,1,0,0,2060,0,0,36,0,0,0,0
7806,11336,11352,0,1,1,0,0,2060,0,0,36,0,0,0,0
7808,11344,11360,16,1,1,0,0,2060,0,0,36,0,0,0,0
7810,11352,11368,4,1,1,0,0,2060,0,0,36,0,0,0,0
7812,11360,11376,0,1,1,0,0,2060,0,0,36,0,0,0,0
7818,11384,11416,0,1,1,0,0,2060,0,0,36,0,0,0,0
7822,11416,11432,32,1,1,0,0,2060,0,0,36,0,0,0,0
7824,11424,11392,36,1,1,0,0,2060,0,0,36,0,0,0,0
7834,11384,11416,4,1,1,0,0,2060,0,0,36,0,0,0,0
7838,11416,11432,36,1,1,0,0,2060,0,0,36,0,0,0,0
7840,11424,11392,40,1,1,0,0,2060,0,0,36,0,0,0,0
7850,11384,11416,8,1,1,0,0,2060,0,0,36,0,0,0,0
7854,11416,11432,40,1,1,0,0,2060,0,0,36,0,0,0,0
7856,11424,11392,44,1,1,0,0,2060,0,0,36,0,0,0,0
7866,11416,11432,44,1,1,0,0,2060,0,0,36,0,0,0,0
7868,11424,11392,48,1,1,0,0,2060,0,0,36,0,0,0,0
7878,11384,11416,16,1,1,0,0,2060,0,0,36,0,0,0,0
7882,11416,11432,48,1,1,0,0,2060,0,0,36,0,0,0,0
7884,11424,11392,52,1,1,0,0,2060,0,0,36,0,0,0,0
7886,0,11400,0,0,0,1,0,2060,0,0,36,0,0,0,0
7887,0,11404,0,0,0,0,1,32,0,0,36,0,0,0,0
7888,0,11408,0,0,0,0,0,32,0,0,36,0,1,32,0
7889,0,11412,0,0,0,0,0,32,1,0,36,0,0,0,0
7894,11384,11416,20,1,0,0,0,32,0,0,36,0,0,0,0
7898,11416,11432,52,1,1,0,0,32,0,0,36,0,0,0,0
7900,11424,11392,56,1,1,0,0,32,0,0,36,0,0,0,0
7910,11384,11416,24,1,1,0,0,32,0,0,36,0,0,0,0
7914,11416,11432,56,1,1,0,0,32,0,0,36,0,0,0,0
7916,11424,11392,60,1,1,0,0,32,0,0,36,0,0,0,0
7926,11384,11416,28,1,1,0,0,32,0,0,36,0,0,0,0
7930,11416,11432,60,1,1,0,0,32,0,0,36,0,0,0,0
7932,11424,11436,64,0,1,0,0,32,0,0,36,1,0,0,0
7935,11424,11440,64,1,1,0,0,32,0,0,36,0,0,0,0
