window_idx,predicted_delta_bytes,gt_delta_bytes,correct
0,0,0,1
1,4,4,1
2,0,0,1
3,0,0,1
4,4,4,1
5,0,0,1
6,0,0,1
7,4,4,1
8,0,0,1
9,0,0,1
10,4,4,1
11,0,0,1
12,0,0,1
13,4,4,1
14,0,0,1
15,0,0,1
16,4,4,1
17,0,0,1
18,0,0,1
19,4,4,1
20,0,0,1
21,0,0,1
22,4,4,1
23,0,0,1
24,0,0,1
25,4,4,1
26,0,0,1
27,0,0,1
28,4,4,1
29,0,0,1
30,0,0,1
31,4,4,1
32,0,0,1
33,0,0,1
34,4,4,1
35,0,0,1
36,0,0,1
37,4,4,1
38,0,0,1
39,0,0,1
40,4,4,1
41,0,0,1
42,0,0,1
43,4,4,1
44,0,0,1
45,0,0,1
46,4,4,1
47,0,0,1
48,0,0,1
49,4,4,1
50,0,0,1
51,0,0,1
52,4,4,1
53,0,0,1
54,0,0,1
55,4,4,1
56,0,0,1
57,0,0,1
58,4,4,1
59,0,0,1
60,0,0,1
61,4,4,1
62,0,0,1
63,0,0,1
64,4,4,1
65,0,0,1
66,0,0,1
67,4,4,1
68,0,0,1
69,0,0,1
70,4,4,1
71,0,0,1
72,0,0,1
73,4,4,1
74,0,0,1
75,0,0,1
76,4,4,1
77,0,0,1
78,0,0,1
79,4,4,1
80,0,12,0
81,0,12,0
82,0,12,0
83,0,12,0
84,4,12,0
85,8,12,0
86,12,12,1
87,12,12,1
88,12,12,1
89,12,12,1
90,12,12,1
91,12,12,1
92,12,12,1
93,12,12,1
94,12,12,1
95,12,12,1
96,12,12,1
97,12,12,1
98,12,12,1
99,12,12,1
100,12,12,1
101,12,4,0
102,4,0,0
103,4,4,1
104,0,0,1
105,4,4,1
106,0,0,1
107,0,0,1
108,4,4,1
109,0,4,0
110,0,0,1
111,0,0,1
112,4,4,1
113,0,4,0
114,0,4,0
115,0,0,1
116,0,4,0
117,0,0,1
118,0,0,1
119,4,4,1
120,0,0,1
121,0,0,1
122,4,4,1
123,0,0,1
124,0,0,1
125,4,4,1
126,0,0,1
127,0,0,1
128,4,4,1
129,0,0,1
130,0,0,1
131,4,4,1
132,0,0,1
133,0,4,0
134,0,4,0
135,0,0,1
136,0,0,1
137,4,4,1
138,0,0,1
139,0,4,0
140,0,0,1
141,0,4,0
142,0,0,1
143,0,4,0
144,0,4,0
145,0,0,1
146,4,0,0
147,4,4,1
148,0,0,1
149,0,0,1
150,4,4,1
151,0,0,1
152,0,24,0
153,0,-4,0
154,0,-4,0
155,8,0,0
156,0,-4,0
157,0,-4,0
158,4,12,0
159,0,8,0
160,0,-20,0
161,12,20,0
162,0,-4,0
163,0,-12,0
164,16,204,0
165,4,4,1
166,4,4,1
167,4,-56,0
168,12,12,1
169,8,12,0
170,12,12,1
171,8,12,0
172,12,12,1
173,8,12,0
174,8,12,0
175,12,12,1
176,12,12,1
177,12,12,1
178,12,12,1
179,12,12,1
180,12,12,1
181,12,12,1
182,12,12,1
183,12,12,1
184,12,12,1
185,12,12,1
186,12,12,1
187,12,12,1
188,12,12,1
189,12,12,1
190,12,12,1
191,12,12,1
192,12,12,1
193,12,12,1
194,12,12,1
195,12,12,1
196,12,12,1
197,12,12,1
198,12,12,1
199,12,12,1
200,12,12,1
201,12,12,1
202,12,12,1
203,12,12,1
204,12,12,1
205,12,12,1
206,12,12,1
207,12,12,1
208,12,12,1
209,12,4,0
210,4,4,1
211,4,0,0
212,4,0,0
213,4,4,1
214,0,0,1
215,4,4,1
216,0,0,1
217,0,0,1
218,4,4,1
219,0,0,1
220,4,0,0
221,4,4,1
222,0,0,1
223,0,0,1
224,4,4,1
225,0,0,1
226,0,0,1
227,4,4,1
228,0,4,0
229,0,0,1
230,0,4,0
231,0,0,1
232,0,4,0
233,0,0,1
234,4,4,1
235,0,4,0
236,0,0,1
237,4,4,1
238,0,4,0
239,0,0,1
240,4,0,0
241,4,4,1
242,0,0,1
243,0,0,1
244,4,4,1
245,0,0,1
246,0,0,1
247,4,16,0
248,0,20,0
249,0,-16,0
250,4,-4,0
251,4,20,0
252,0,-20,0
253,4,-8,0
254,12,12,1
255,0,12,0
256,0,-20,0
257,4,8,0
258,0,-8,0
259,0,16,0
260,0,-8,0
261,0,-4,0
262,4,-4,0
263,4,200,0
264,4,4,1
265,4,4,1
266,4,4,1
267,4,4,1
268,4,4,1
269,4,-280,0
270,12,8,0
271,8,8,1
272,8,8,1
273,8,8,1
274,8,8,1
275,8,8,1
276,4,8,0
277,4,8,0
278,8,8,1
279,8,8,1
280,8,8,1
281,8,8,1
282,8,8,1
283,8,8,1
284,8,8,1
285,8,8,1
286,8,8,1
287,8,8,1
288,8,8,1
289,8,8,1
290,8,8,1
291,8,8,1
292,8,8,1
293,8,8,1
294,8,8,1
295,8,8,1
296,8,8,1
297,8,8,1
298,8,8,1
299,8,8,1
300,8,8,1
301,8,8,1
302,8,8,1
303,8,8,1
304,8,8,1
305,8,8,1
306,8,8,1
307,8,8,1
308,8,8,1
309,8,8,1
310,8,8,1
311,8,8,1
312,8,8,1
313,8,8,1
314,8,8,1
315,8,8,1
316,8,8,1
317,8,4,0
318,4,0,0
319,0,0,1
320,4,4,1
321,0,0,1
322,4,4,1
323,0,0,1
324,0,0,1
325,4,4,1
326,0,4,0
327,0,4,0
328,0,0,1
329,4,0,0
330,4,4,1
331,0,0,1
332,4,0,0
333,4,4,1
334,0,0,1
335,0,4,0
336,0,0,1
337,0,0,1
338,4,4,1
339,0,0,1
340,4,0,0
341,4,4,1
342,0,0,1
343,0,4,0
344,0,0,1
345,0,0,1
346,4,4,1
347,0,20,0
348,0,0,1
349,0,-12,0
350,8,16,0
351,0,-16,0
352,4,16,0
353,0,-16,0
354,4,12,0
355,0,0,1
356,0,0,1
357,0,196,0
358,4,4,1
359,4,4,1
360,4,4,1
361,4,4,1
362,4,-148,0
363,4,4,1
364,4,4,1
365,4,4,1
366,4,4,1
367,4,4,1
368,4,4,1
369,4,4,1
370,4,4,1
371,4,4,1
372,4,4,1
373,4,4,1
374,4,4,1
375,4,4,1
376,4,4,1
377,4,4,1
378,4,4,1
379,4,4,1
380,4,4,1
381,4,4,1
382,4,4,1
383,4,4,1
384,4,4,1
385,4,4,1
386,4,4,1
387,4,4,1
388,4,4,1
389,4,4,1
390,4,4,1
391,4,4,1
392,4,4,1
393,4,4,1
394,4,4,1
395,4,4,1
396,4,4,1
397,4,4,1
398,4,4,1
399,4,4,1
400,4,4,1
401,4,4,1
402,4,4,1
403,4,4,1
404,4,0,0
405,4,4,1
406,0,0,1
407,0,4,0
408,0,0,1
409,0,4,0
410,0,0,1
411,0,4,0
412,0,4,0
413,0,4,0
414,0,4,0
415,0,4,0
416,4,0,0
417,4,4,1
418,0,0,1
419,0,0,1
420,4,4,1
421,0,0,1
422,0,4,0
423,0,0,1
424,0,4,0
425,0,0,1
426,0,0,1
427,4,4,1
428,0,0,1
429,4,4,1
430,0,4,0
431,0,0,1
432,0,0,1
433,4,4,1
434,0,0,1
435,0,4,0
436,0,0,1
437,0,4,0
438,0,0,1
439,0,4,0
440,0,0,1
441,0,4,0
442,0,4,0
443,0,0,1
444,4,4,1
445,0,0,1
446,0,0,1
447,4,4,1
448,0,4,0
449,0,0,1
450,0,12,0
451,0,0,1
452,0,8,0
453,0,-12,0
454,4,4,1
455,0,0,1
456,0,8,0
457,0,0,1
458,0,72,0
459,0,4,0
460,4,4,1
461,0,4,0
462,0,148,0
463,4,4,1
464,4,4,1
465,4,4,1
466,4,4,1
467,4,4,1
468,4,4,1
469,0,4,0
470,4,4,1
471,4,4,1
472,4,4,1
473,4,4,1
474,4,4,1
475,4,4,1
476,4,4,1
477,4,4,1
478,4,4,1
479,4,4,1
480,4,4,1
481,4,4,1
482,4,4,1
483,4,4,1
484,4,4,1
485,4,4,1
486,4,4,1
487,4,4,1
488,4,4,1
489,4,4,1
490,4,4,1
491,4,4,1
492,4,4,1
493,4,4,1
494,4,4,1
495,4,4,1
496,4,4,1
497,4,4,1
498,4,4,1
499,4,4,1
500,4,4,1
501,4,4,1
502,4,4,1
503,4,4,1
504,4,4,1
505,4,4,1
506,4,4,1
507,4,4,1
508,4,0,0
509,4,0,0
510,4,4,1
511,0,4,0
512,0,0,1
513,4,4,1
514,0,0,1
515,0,4,0
516,0,4,0
517,0,0,1
518,0,4,0
519,0,0,1
520,0,4,0
521,0,0,1
522,4,0,0
523,4,4,1
524,0,0,1
525,4,0,0
526,4,4,1
527,0,0,1
528,0,4,0
529,0,0,1
530,0,4,0
531,0,0,1
532,0,4,0
533,0,0,1
534,0,4,0
535,0,0,1
536,0,0,1
537,4,4,1
538,0,4,0
539,0,4,0
540,0,0,1
541,4,4,1
542,0,4,0
543,0,4,0
544,0,4,0
545,0,0,1
546,4,0,0
547,4,4,1
548,0,0,1
549,4,0,0
550,4,4,1
551,0,0,1
552,0,0,1
553,4,4,1
554,0,0,1
555,0,4,0
556,0,0,1
557,0,0,1
558,4,4,1
559,0,24,0
560,0,16,0
561,0,-28,0
562,8,12,0
563,0,8,0
564,0,-8,0
565,4,0,0
566,0,-12,0
567,4,8,0
568,0,-4,0
569,0,0,1
570,0,16,0
571,0,-4,0
572,0,0,1
573,4,-8,0
574,4,20,0
575,0,-32,0
576,4,12,0
577,0,108,0
578,0,4,0
579,4,4,1
580,4,4,1
581,4,92,0
582,8,8,1
583,4,8,0
584,8,8,1
585,8,8,1
586,8,8,1
587,8,8,1
588,8,8,1
589,8,8,1
590,8,8,1
591,8,8,1
592,8,8,1
593,8,8,1
594,8,8,1
595,8,8,1
596,8,8,1
597,8,8,1
598,8,8,1
599,8,8,1
600,8,8,1
601,8,8,1
602,8,8,1
603,8,8,1
604,8,8,1
605,8,8,1
606,8,8,1
607,8,8,1
608,8,8,1
609,8,8,1
610,8,8,1
611,8,8,1
612,8,8,1
613,8,8,1
614,8,8,1
615,8,8,1
616,8,8,1
617,8,8,1
618,8,8,1
619,8,8,1
620,8,8,1
621,8,8,1
622,8,8,1
623,8,8,1
624,8,8,1
625,8,8,1
626,8,8,1
627,8,8,1
628,8,8,1
629,8,4,0
630,4,0,0
631,0,4,0
632,0,0,1
633,0,0,1
634,4,4,1
635,0,0,1
636,0,4,0
637,0,4,0
638,0,0,1
639,0,0,1
640,4,4,1
641,0,0,1
642,0,0,1
643,4,4,1
644,0,4,0
645,0,0,1
646,0,0,1
647,4,4,1
648,0,4,0
649,0,0,1
650,4,0,0
651,4,4,1
652,0,0,1
653,0,0,1
654,4,4,1
655,0,0,1
656,0,4,0
657,0,0,1
658,0,0,1
659,4,4,1
660,0,4,0
661,0,4,0
662,0,4,0
663,0,0,1
664,4,4,1
665,0,0,1
666,0,0,1
667,4,4,1
668,0,4,0
669,0,0,1
670,0,4,0
671,0,0,1
672,0,0,1
673,4,4,1
674,0,4,0
675,0,0,1
676,0,0,1
677,4,4,1
678,0,4,0
679,0,0,1
680,4,0,0
681,4,4,1
682,0,0,1
683,0,4,0
684,0,0,1
685,0,4,0
686,0,28,0
687,0,-20,0
688,4,16,0
689,0,-8,0
690,4,8,0
691,0,-4,0
692,4,-4,0
693,4,-4,0
694,4,8,0
695,0,-12,0
696,4,12,0
697,0,-12,0
698,4,212,0
699,4,4,1
700,4,4,1
701,4,4,1
702,4,4,1
703,4,4,1
704,0,-216,0
705,8,12,0
706,8,12,0
707,8,12,0
708,8,12,0
709,8,12,0
710,8,12,0
711,8,12,0
712,8,12,0
713,12,12,1
714,12,12,1
715,12,12,1
716,12,12,1
717,12,12,1
718,12,12,1
719,12,12,1
720,12,12,1
721,12,12,1
722,12,12,1
723,12,12,1
724,12,12,1
725,12,12,1
726,12,4,0
727,4,0,0
728,4,0,0
729,4,4,1
730,0,4,0
731,0,4,0
732,0,0,1
733,0,4,0
734,0,4,0
735,0,4,0
736,0,0,1
737,4,4,1
738,0,4,0
739,0,0,1
740,4,0,0
741,4,4,1
742,0,4,0
743,0,4,0
744,0,0,1
745,0,4,0
746,0,0,1
747,0,0,1
748,4,4,1
749,0,4,0
750,0,4,0
751,0,0,1
752,4,0,0
753,4,4,1
754,0,0,1
755,4,0,0
756,4,4,1
757,0,0,1
758,0,16,0
759,0,4,0
760,0,0,1
761,0,-8,0
762,4,-4,0
763,0,0,1
764,0,20,0
765,0,-12,0
766,0,0,1
767,4,0,0
768,0,8,0
769,0,-16,0
770,4,100,0
771,0,4,0
772,4,4,1
773,0,4,0
774,0,68,0
775,8,12,0
776,8,12,0
777,8,12,0
778,8,12,0
779,8,12,0
780,8,12,0
781,12,12,1
782,8,12,0
783,12,12,1
784,12,12,1
785,12,12,1
786,12,12,1
787,12,12,1
788,12,12,1
789,12,12,1
790,12,12,1
791,12,12,1
792,12,12,1
793,12,12,1
794,12,12,1
795,12,12,1
796,12,12,1
797,12,12,1
798,12,12,1
799,12,12,1
800,12,12,1
801,12,12,1
802,12,12,1
803,12,12,1
804,12,12,1
805,12,12,1
806,12,12,1
807,12,12,1
808,12,4,0
809,4,0,0
810,4,4,1
811,0,0,1
812,4,0,0
813,4,4,1
814,0,4,0
815,0,0,1
816,0,4,0
817,0,0,1
818,0,4,0
819,0,0,1
820,4,4,1
821,0,0,1
822,0,0,1
823,4,4,1
824,0,4,0
825,0,0,1
826,0,0,1
827,4,4,1
828,0,4,0
829,0,0,1
830,4,4,1
831,0,0,1
832,0,4,0
833,0,0,1
834,4,0,0
835,4,4,1
836,0,0,1
837,4,4,1
838,0,4,0
839,0,4,0
840,0,0,1
841,4,4,1
842,0,0,1
843,0,0,1
844,4,4,1
845,0,24,0
846,0,-12,0
847,4,4,1
848,4,8,0
849,0,-8,0
850,4,-8,0
851,8,20,0
852,0,4,0
853,0,-20,0
854,12,4,0
855,0,0,1
856,0,12,0
857,0,4,0
858,0,0,1
859,4,8,0
860,0,-8,0
861,4,-16,0
862,8,-8,0
863,0,216,0
864,4,4,1
865,4,4,1
866,4,4,1
867,4,4,1
868,4,4,1
869,4,4,1
870,0,-208,0
871,8,4,0
872,4,4,1
873,4,4,1
874,8,4,0
875,4,4,1
876,4,4,1
877,4,4,1
878,4,4,1
879,4,4,1
880,4,4,1
881,4,4,1
882,4,4,1
883,4,4,1
884,4,4,1
885,4,4,1
886,4,4,1
887,4,4,1
888,4,4,1
889,4,4,1
890,4,4,1
891,4,4,1
892,4,4,1
893,4,4,1
894,4,4,1
895,4,4,1
896,4,4,1
897,4,4,1
898,4,4,1
899,4,4,1
900,4,4,1
901,4,4,1
902,4,4,1
903,4,4,1
904,4,4,1
905,4,4,1
906,4,4,1
907,4,4,1
908,4,4,1
909,4,4,1
910,4,4,1
911,4,4,1
912,4,4,1
913,4,4,1
914,4,4,1
915,4,4,1
916,4,4,1
917,4,4,1
918,4,4,1
919,4,4,1
920,4,4,1
921,4,4,1
922,4,0,0
923,4,4,1
924,0,0,1
925,0,4,0
926,0,0,1
927,0,4,0
928,0,4,0
929,0,0,1
930,4,0,0
931,4,4,1
932,0,0,1
933,0,4,0
934,0,0,1
935,0,0,1
936,4,4,1
937,0,0,1
938,4,0,0
939,4,4,1
940,0,4,0
941,0,4,0
942,0,0,1
943,4,0,0
944,4,4,1
945,0,0,1
946,4,20,0
947,0,-4,0
948,0,8,0
949,0,-12,0
950,4,12,0
951,0,0,1
952,0,-16,0
953,8,0,0
954,0,8,0
955,0,-8,0
956,4,140,0
957,4,4,1
958,4,4,1
959,4,4,1
960,4,4,1
961,4,100,0
962,4,12,0
963,8,12,0
964,12,12,1
965,8,12,0
966,8,12,0
967,8,12,0
968,12,12,1
969,8,12,0
970,12,12,1
971,12,12,1
972,12,12,1
973,12,12,1
974,12,12,1
975,12,12,1
976,12,12,1
977,12,12,1
978,12,12,1
979,12,12,1
980,12,12,1
981,12,12,1
982,12,12,1
983,12,12,1
984,12,12,1
985,12,12,1
986,12,12,1
987,12,12,1
988,12,12,1
989,12,12,1
990,12,12,1
991,12,12,1
992,12,12,1
993,12,12,1
994,12,12,1
995,12,12,1
996,12,12,1
997,12,12,1
998,12,12,1
999,12,12,1
1000,12,12,1
1001,12,12,1
1002,12,12,1
1003,12,12,1
1004,12,12,1
1005,12,12,1
1006,12,12,1
1007,12,12,1
1008,12,12,1
1009,12,12,1
1010,12,4,0
1011,4,0,0
1012,4,0,0
1013,4,4,1
1014,0,4,0
1015,0,0,1
1016,0,0,1
1017,4,4,1
1018,0,0,1
1019,0,0,1
1020,4,4,1
1021,0,0,1
1022,0,0,1
1023,4,4,1
1024,0,4,0
1025,0,0,1
1026,0,0,1
1027,4,4,1
1028,0,4,0
1029,0,0,1
1030,4,4,1
1031,0,0,1
1032,0,4,0
1033,0,4,0
1034,0,4,0
1035,0,0,1
1036,4,0,0
1037,4,20,0
1038,0,-4,0
1039,0,0,1
1040,4,12,0
1041,0,-20,0
1042,4,16,0
1043,0,0,1
1044,0,-8,0
1045,12,-4,0
1046,0,-4,0
1047,0,20,0
1048,0,0,1
1049,0,112,0
1050,4,4,1
1051,4,4,1
1052,4,-264,0
1053,4,4,1
1054,8,4,0
1055,8,4,0
1056,8,4,0
1057,4,4,1
1058,4,4,1
1059,4,4,1
1060,4,4,1
1061,4,4,1
1062,4,4,1
1063,4,4,1
1064,4,4,1
1065,4,4,1
1066,4,4,1
1067,4,4,1
1068,4,4,1
1069,4,4,1
1070,4,4,1
1071,4,4,1
1072,4,4,1
1073,4,4,1
1074,4,4,1
1075,4,4,1
1076,4,0,0
1077,4,0,0
1078,4,4,1
1079,0,4,0
1080,0,0,1
1081,4,0,0
1082,4,4,1
1083,0,4,0
1084,0,0,1
1085,4,4,1
1086,0,0,1
1087,0,4,0
1088,0,0,1
1089,4,0,0
1090,4,4,1
1091,0,0,1
1092,4,0,0
1093,4,4,1
1094,0,4,0
1095,0,4,0
1096,0,4,0
1097,0,4,0
1098,0,0,1
1099,4,0,0
1100,4,4,1
1101,0,0,1
1102,4,0,0
1103,4,4,1
1104,0,4,0
1105,0,0,1
1106,0,0,1
1107,4,4,1
1108,0,0,1
1109,0,4,0
1110,0,0,1
1111,0,4,0
1112,0,0,1
1113,0,4,0
1114,0,4,0
1115,0,0,1
1116,4,0,0
1117,4,4,1
1118,0,4,0
1119,0,4,0
1120,0,4,0
1121,0,4,0
1122,0,16,0
1123,0,4,0
1124,0,-12,0
1125,4,4,1
1126,0,4,0
1127,0,4,0
1128,0,-4,0
1129,0,4,0
1130,0,176,0
1131,4,4,1
1132,4,4,1
1133,4,4,1
1134,4,4,1
1135,4,108,0
1136,4,12,0
1137,8,12,0
1138,12,12,1
1139,8,12,0
1140,8,12,0
1141,8,12,0
1142,12,12,1
1143,8,12,0
1144,12,12,1
1145,12,12,1
1146,12,12,1
1147,12,12,1
1148,12,12,1
1149,12,12,1
1150,12,12,1
1151,12,12,1
1152,12,12,1
1153,12,12,1
1154,12,12,1
1155,12,12,1
1156,12,12,1
1157,12,12,1
1158,12,12,1
1159,12,12,1
1160,12,4,0
1161,4,4,1
1162,4,0,0
1163,4,0,0
1164,4,4,1
1165,0,4,0
1166,0,0,1
1167,0,0,1
1168,4,4,1
1169,0,0,1
1170,0,0,1
1171,4,4,1
1172,0,4,0
1173,0,0,1
1174,0,4,0
1175,0,4,0
1176,0,0,1
1177,4,4,1
1178,0,0,1
1179,0,0,1
1180,4,4,1
1181,0,4,0
1182,0,0,1
1183,0,4,0
1184,0,0,1
1185,0,0,1
1186,4,4,1
1187,0,4,0
1188,0,4,0
1189,0,0,1
1190,4,4,1
1191,0,0,1
1192,0,4,0
1193,0,0,1
1194,0,4,0
1195,0,4,0
1196,0,0,1
1197,4,0,0
1198,4,4,1
1199,0,0,1
1200,0,4,0
1201,0,4,0
1202,0,0,1
1203,0,0,1
1204,4,4,1
1205,0,0,1
1206,0,0,1
1207,4,4,1
1208,0,0,1
1209,0,4,0
1210,0,20,0
1211,0,-8,0
1212,0,12,0
1213,0,4,0
1214,0,-20,0
1215,8,20,0
1216,0,-20,0
1217,4,20,0
1218,0,-12,0
1219,4,-8,0
1220,16,24,0
1221,0,-20,0
1222,4,12,0
1223,0,-12,0
1224,4,264,0
1225,4,4,1
1226,4,4,1
1227,4,4,1
1228,4,4,1
1229,4,4,1
1230,0,-176,0
1231,8,8,1
1232,8,8,1
1233,4,8,0
1234,4,8,0
1235,4,8,0
1236,4,8,0
1237,4,8,0
1238,4,8,0
1239,8,8,1
1240,8,8,1
1241,8,8,1
1242,8,8,1
1243,8,8,1
1244,8,8,1
1245,8,8,1
1246,8,8,1
1247,8,8,1
1248,8,8,1
1249,8,8,1
1250,8,8,1
1251,8,8,1
1252,8,8,1
1253,8,8,1
1254,8,8,1
1255,8,8,1
1256,8,8,1
1257,8,8,1
1258,8,8,1
1259,8,8,1
1260,8,8,1
1261,8,8,1
1262,8,8,1
1263,8,8,1
1264,8,8,1
1265,8,8,1
1266,8,8,1
1267,8,8,1
1268,8,8,1
1269,8,8,1
1270,8,8,1
1271,8,8,1
1272,8,8,1
1273,8,8,1
1274,8,4,0
1275,4,0,0
1276,0,4,0
1277,0,0,1
1278,0,0,1
1279,4,4,1
1280,0,0,1
1281,0,0,1
1282,4,4,1
1283,0,4,0
1284,0,0,1
1285,0,4,0
1286,0,4,0
1287,0,4,0
1288,0,0,1
1289,4,0,0
1290,4,4,1
1291,0,4,0
1292,0,0,1
1293,4,0,0
1294,4,4,1
1295,0,0,1
1296,0,4,0
1297,0,4,0
1298,0,0,1
1299,0,4,0
1300,0,0,1
1301,0,4,0
1302,0,0,1
1303,4,0,0
1304,4,4,1
1305,0,0,1
1306,4,4,1
1307,0,0,1
1308,0,0,1
1309,4,4,1
1310,0,0,1
1311,4,0,0
1312,4,4,1
1313,0,0,1
1314,0,0,1
1315,4,16,0
1316,0,0,1
1317,0,-8,0
1318,8,8,1
1319,0,16,0
1320,0,-16,0
1321,0,-8,0
1322,8,16,0
1323,0,8,0
1324,0,0,1
1325,0,-20,0
1326,4,8,0
1327,0,0,1
1328,0,-8,0
1329,4,136,0
1330,4,4,1
1331,4,4,1
1332,4,4,1
1333,0,-68,0
1334,0,12,0
1335,8,12,0
1336,8,12,0
1337,8,12,0
1338,4,12,0
1339,8,12,0
1340,8,12,0
1341,12,12,1
1342,12,12,1
1343,12,12,1
1344,12,12,1
1345,12,12,1
1346,12,12,1
1347,12,12,1
1348,12,12,1
1349,12,12,1
1350,12,12,1
1351,12,12,1
1352,12,12,1
1353,12,12,1
1354,12,12,1
1355,12,12,1
1356,12,12,1
1357,12,12,1
1358,12,12,1
1359,12,12,1
1360,12,12,1
1361,12,12,1
1362,12,12,1
1363,12,12,1
1364,12,12,1
1365,12,12,1
1366,12,12,1
1367,12,12,1
1368,12,12,1
1369,12,12,1
1370,12,12,1
1371,12,12,1
1372,12,12,1
1373,12,12,1
1374,12,12,1
1375,12,12,1
1376,12,12,1
1377,12,12,1
1378,12,12,1
1379,12,12,1
1380,12,12,1
1381,12,12,1
1382,12,4,0
1383,4,0,0
1384,4,0,0
1385,4,4,1
1386,0,0,1
1387,4,0,0
1388,4,4,1
1389,0,4,0
1390,0,0,1
1391,0,0,1
1392,4,4,1
1393,0,4,0
1394,0,0,1
1395,4,4,1
1396,0,0,1
1397,0,4,0
1398,0,0,1
1399,4,4,1
1400,0,4,0
1401,0,4,0
1402,0,0,1
1403,4,0,0
1404,4,4,1
1405,0,4,0
1406,0,4,0
1407,0,0,1
1408,0,0,1
1409,4,4,1
1410,0,4,0
1411,0,0,1
1412,4,0,0
1413,4,4,1
1414,0,0,1
1415,0,0,1
1416,4,4,1
1417,0,0,1
1418,0,4,0
1419,0,4,0
1420,0,4,0
1421,0,4,0
1422,0,0,1
1423,4,4,1
1424,0,4,0
1425,0,0,1
1426,4,4,1
1427,0,4,0
1428,0,0,1
1429,4,16,0
1430,0,-8,0
1431,4,0,0
1432,8,0,0
1433,0,12,0
1434,0,-12,0
1435,4,4,1
1436,0,4,0
1437,0,168,0
1438,4,4,1
1439,4,4,1
1440,4,4,1
1441,4,4,1
1442,4,4,1
1443,4,-372,0
1444,8,8,1
1445,8,8,1
1446,12,8,0
1447,12,8,0
1448,12,8,0
1449,8,8,1
1450,8,8,1
1451,8,8,1
1452,8,8,1
1453,8,8,1
1454,8,8,1
1455,8,8,1
1456,8,8,1
1457,8,8,1
1458,8,8,1
1459,8,8,1
1460,8,8,1
1461,8,8,1
1462,8,8,1
1463,8,8,1
1464,8,8,1
1465,8,8,1
1466,8,8,1
1467,8,8,1
1468,8,8,1
1469,8,8,1
1470,8,8,1
1471,8,8,1
1472,8,8,1
1473,8,8,1
1474,8,8,1
1475,8,8,1
1476,8,8,1
1477,8,8,1
1478,8,8,1
1479,8,8,1
1480,8,8,1
1481,8,8,1
1482,8,8,1
1483,8,8,1
1484,8,8,1
1485,8,8,1
1486,8,8,1
1487,8,4,0
1488,4,4,1
1489,4,0,0
1490,0,0,1
1491,4,4,1
1492,0,0,1
1493,4,4,1
1494,0,0,1
1495,0,0,1
1496,4,4,1
1497,0,0,1
1498,4,0,0
1499,4,4,1
1500,0,0,1
1501,0,0,1
1502,4,4,1
1503,0,0,1
1504,0,0,1
1505,4,4,1
1506,0,0,1
1507,0,4,0
1508,0,4,0
1509,0,0,1
1510,0,4,0
1511,0,4,0
1512,0,0,1
1513,4,0,0
1514,4,4,1
1515,0,4,0
1516,0,4,0
1517,0,4,0
1518,0,0,1
1519,4,4,1
1520,0,0,1
1521,0,4,0
1522,0,0,1
1523,0,0,1
1524,4,4,1
1525,0,0,1
1526,4,4,1
1527,0,4,0
1528,0,4,0
1529,0,4,0
1530,0,0,1
1531,4,4,1
1532,0,0,1
1533,0,0,1
1534,4,4,1
1535,0,0,1
1536,0,4,0
1537,0,0,1
1538,0,0,1
1539,4,8,0
1540,0,12,0
1541,0,-12,0
1542,4,0,0
1543,4,4,1
1544,0,8,0
1545,0,-4,0
1546,0,-8,0
1547,8,240,0
1548,4,4,1
1549,4,4,1
1550,4,4,1
1551,4,4,1
1552,4,4,1
1553,4,4,1
1554,0,-208,0
1555,8,12,0
1556,4,12,0
1557,4,12,0
1558,8,12,0
1559,8,12,0
1560,8,12,0
1561,8,12,0
1562,8,12,0
1563,12,12,1
1564,12,12,1
1565,12,12,1
1566,12,12,1
1567,12,12,1
1568,12,12,1
1569,12,12,1
1570,12,12,1
1571,12,12,1
1572,12,12,1
1573,12,12,1
1574,12,12,1
1575,12,12,1
1576,12,12,1
1577,12,12,1
1578,12,12,1
1579,12,12,1
1580,12,12,1
1581,12,12,1
1582,12,12,1
1583,12,12,1
1584,12,12,1
1585,12,12,1
1586,12,12,1
1587,12,12,1
1588,12,12,1
1589,12,12,1
1590,12,12,1
1591,12,12,1
1592,12,12,1
1593,12,12,1
1594,12,12,1
1595,12,12,1
1596,12,12,1
1597,12,12,1
1598,12,4,0
1599,4,0,0
1600,4,0,0
1601,4,4,1
1602,0,4,0
1603,0,0,1
1604,0,0,1
1605,4,4,1
1606,0,0,1
1607,0,4,0
1608,0,0,1
1609,0,0,1
1610,4,4,1
1611,0,0,1
1612,4,4,1
1613,0,0,1
1614,0,4,0
1615,0,0,1
1616,0,4,0
1617,0,0,1
1618,0,0,1
1619,4,4,1
1620,0,0,1
1621,4,0,0
1622,4,4,1
1623,0,4,0
1624,0,0,1
1625,0,0,1
1626,4,4,1
1627,0,0,1
1628,0,4,0
1629,0,32,0
1630,0,0,1
1631,0,-4,0
1632,4,-8,0
1633,0,8,0
1634,0,-12,0
1635,4,8,0
1636,0,0,1
1637,0,-12,0
1638,16,0,0
1639,0,-4,0
1640,0,0,1
1641,0,12,0
1642,0,0,1
1643,0,108,0
1644,0,4,0
1645,4,4,1
1646,4,4,1
1647,0,4,0
1648,4,-204,0
1649,4,4,1
1650,8,4,0
1651,4,4,1
1652,8,4,0
1653,4,4,1
1654,4,4,1
1655,4,4,1
1656,4,4,1
1657,4,4,1
1658,4,4,1
1659,4,4,1
1660,4,4,1
1661,4,4,1
1662,4,4,1
1663,4,4,1
1664,4,4,1
1665,4,4,1
1666,4,4,1
1667,4,4,1
1668,4,4,1
1669,4,4,1
1670,4,4,1
1671,4,4,1
1672,4,4,1
1673,4,4,1
1674,4,4,1
1675,4,4,1
1676,4,4,1
1677,4,4,1
1678,4,4,1
1679,4,4,1
1680,4,4,1
1681,4,4,1
1682,4,4,1
1683,4,4,1
1684,4,4,1
1685,4,4,1
1686,4,4,1
1687,4,0,0
1688,4,4,1
1689,0,0,1
1690,0,4,0
1691,0,0,1
1692,0,4,0
1693,0,0,1
1694,0,0,1
1695,4,4,1
1696,0,4,0
1697,0,0,1
1698,0,4,0
1699,0,0,1
1700,0,4,0
1701,0,4,0
1702,0,0,1
1703,0,0,1
1704,4,4,1
1705,0,4,0
1706,0,4,0
1707,0,0,1
1708,0,0,1
1709,4,4,1
1710,0,0,1
1711,4,0,0
1712,4,4,1
1713,0,0,1
1714,0,0,1
1715,4,4,1
1716,0,0,1
1717,0,0,1
1718,4,4,1
1719,0,0,1
1720,0,0,1
1721,4,24,0
1722,0,-12,0
1723,4,4,1
1724,0,4,0
1725,0,8,0
1726,0,0,1
1727,0,-12,0
1728,4,4,1
1729,0,-8,0
1730,0,12,0
1731,0,-4,0
1732,0,0,1
1733,0,220,0
1734,4,4,1
1735,4,4,1
1736,4,4,1
1737,4,4,1
1738,4,4,1
1739,4,40,0
1740,8,4,0
1741,8,4,0
1742,0,4,0
1743,4,4,1
1744,4,4,1
1745,4,4,1
1746,4,4,1
1747,4,4,1
1748,4,4,1
1749,4,4,1
1750,4,4,1
1751,4,4,1
1752,4,4,1
1753,4,4,1
1754,4,4,1
1755,4,4,1
1756,4,4,1
1757,4,4,1
1758,4,4,1
1759,4,4,1
1760,4,4,1
1761,4,4,1
1762,4,0,0
1763,4,0,0
1764,4,4,1
1765,0,4,0
1766,0,4,0
1767,0,0,1
1768,0,4,0
1769,0,0,1
1770,0,0,1
1771,4,4,1
1772,0,0,1
1773,0,4,0
1774,0,0,1
1775,0,0,1
1776,4,4,1
1777,0,0,1
1778,4,0,0
1779,4,4,1
1780,0,4,0
1781,0,0,1
1782,0,0,1
1783,4,4,1
1784,0,0,1
1785,0,4,0
1786,0,0,1
1787,0,4,0
1788,0,28,0
1789,0,-4,0
1790,0,-16,0
1791,12,12,1
1792,0,12,0
1793,0,-4,0
1794,0,-20,0
1795,4,24,0
1796,0,0,1
1797,0,-20,0
1798,12,16,0
1799,0,-12,0
1800,4,8,0
1801,0,-4,0
1802,0,228,0
1803,4,4,1
1804,4,4,1
1805,4,4,1
1806,4,4,1
1807,4,4,1
1808,0,4,0
1809,0,104,0
1810,8,12,0
1811,0,12,0
1812,4,12,0
1813,8,12,0
1814,8,12,0
1815,8,12,0
1816,12,12,1
1817,8,12,0
1818,12,12,1
1819,12,12,1
1820,12,12,1
1821,12,12,1
1822,12,12,1
1823,12,12,1
1824,12,12,1
1825,12,12,1
1826,12,12,1
1827,12,12,1
1828,12,12,1
1829,12,12,1
1830,12,12,1
1831,12,12,1
1832,12,12,1
1833,12,12,1
1834,12,12,1
1835,12,12,1
1836,12,12,1
1837,12,12,1
1838,12,12,1
1839,12,12,1
1840,12,12,1
1841,12,12,1
1842,12,12,1
1843,12,12,1
1844,12,12,1
1845,12,12,1
1846,12,12,1
1847,12,12,1
1848,12,12,1
1849,12,12,1
1850,12,12,1
1851,12,12,1
1852,12,4,0
1853,4,4,1
1854,4,4,1
1855,4,0,0
1856,4,0,0
1857,4,4,1
1858,0,0,1
1859,0,4,0
1860,0,4,0
1861,0,4,0
1862,0,0,1
1863,4,4,1
1864,0,0,1
1865,0,4,0
1866,0,4,0
1867,0,4,0
1868,0,4,0
1869,0,0,1
1870,4,4,1
1871,0,4,0
1872,0,0,1
1873,4,4,1
1874,0,0,1
1875,0,4,0
1876,0,0,1
1877,4,4,1
1878,0,0,1
1879,0,0,1
1880,4,4,1
1881,0,0,1
1882,4,4,1
1883,0,0,1
1884,0,0,1
1885,4,4,1
1886,0,0,1
1887,4,0,0
1888,4,4,1
1889,0,0,1
1890,0,0,1
1891,4,4,1
1892,0,0,1
1893,0,0,1
1894,4,4,1
1895,0,0,1
1896,0,4,0
1897,0,0,1
1898,0,4,0
1899,0,4,0
1900,0,0,1
1901,4,4,1
1902,0,4,0
1903,0,0,1
1904,4,0,0
1905,4,12,0
1906,0,24,0
1907,0,-24,0
1908,4,20,0
1909,0,-24,0
1910,4,16,0
1911,0,4,0
1912,0,4,0
1913,0,-12,0
1914,4,20,0
1915,0,-8,0
1916,4,-20,0
1917,16,20,0
1918,0,0,1
1919,0,-12,0
1920,12,12,1
1921,0,8,0
1922,0,-4,0
1923,4,216,0
1924,4,4,1
1925,4,4,1
1926,4,4,1
1927,4,4,1
1928,4,4,1
1929,4,-376,0
1930,12,12,1
1931,8,12,0
1932,12,12,1
1933,12,12,1
1934,12,12,1
1935,8,12,0
1936,8,12,0
1937,8,12,0
1938,12,12,1
1939,12,12,1
1940,12,12,1
1941,12,12,1
1942,12,12,1
1943,12,12,1
1944,12,12,1
1945,12,12,1
1946,12,12,1
1947,12,12,1
1948,12,12,1
1949,12,12,1
1950,12,12,1
1951,12,12,1
1952,12,12,1
1953,12,12,1
1954,12,12,1
1955,12,12,1
1956,12,12,1
1957,12,4,0
1958,4,0,0
1959,4,4,1
1960,0,4,0
1961,0,4,0
1962,4,4,1
1963,4,0,0
1964,4,0,0
1965,4,4,1
1966,0,4,0
1967,0,4,0
1968,0,0,1
1969,0,0,1
1970,4,4,1
1971,0,0,1
1972,4,4,1
1973,0,0,1
1974,0,4,0
1975,0,0,1
1976,0,0,1
1977,4,4,1
1978,0,0,1
1979,4,4,1
1980,0,4,0
1981,0,0,1
1982,0,0,1
1983,4,4,1
1984,0,4,0
1985,0,0,1
1986,4,4,1
1987,0,0,1
1988,0,0,1
1989,4,20,0
1990,0,16,0
1991,0,-8,0
1992,0,-4,0
1993,4,-12,0
1994,0,8,0
1995,0,8,0
1996,0,12,0
1997,0,-32,0
1998,8,24,0
1999,0,4,0
2000,0,4,0
2001,0,-20,0
2002,4,-8,0
2003,8,4,0
2004,4,20,0
2005,0,0,1
2006,0,-8,0
2007,4,100,0
2008,0,4,0
2009,0,4,0
2010,0,-16,0
2011,4,8,0
2012,4,8,0
2013,4,8,0
2014,4,8,0
2015,8,8,1
2016,4,8,0
2017,4,8,0
2018,8,8,1
2019,8,8,1
2020,8,8,1
2021,8,8,1
2022,8,8,1
2023,8,8,1
2024,8,8,1
2025,8,8,1
2026,8,8,1
2027,8,8,1
2028,8,8,1
2029,8,8,1
2030,8,8,1
2031,8,8,1
2032,8,8,1
2033,8,8,1
2034,8,8,1
2035,8,8,1
2036,8,8,1
2037,8,8,1
2038,8,8,1
2039,8,8,1
2040,8,8,1
2041,8,8,1
2042,8,8,1
2043,8,8,1
2044,8,4,0
2045,4,0,0
2046,0,0,1
2047,4,4,1
2048,0,0,1
2049,4,4,1
2050,0,4,0
2051,0,4,0
2052,0,0,1
2053,4,4,1
2054,0,0,1
2055,0,0,1
2056,4,4,1
2057,0,0,1
2058,0,0,1
2059,4,4,1
2060,0,0,1
2061,0,4,0
2062,0,4,0
2063,0,0,1
2064,0,0,1
2065,4,12,0
2066,0,4,0
2067,0,-8,0
2068,4,4,1
2069,0,8,0
2070,0,8,0
2071,0,-4,0
2072,0,0,1
2073,4,-4,0
2074,0,-12,0
2075,8,8,1
2076,0,12,0
2077,0,76,0
2078,0,4,0
2079,4,4,1
2080,4,4,1
2081,4,4,1
2082,4,4,1
2083,4,4,1
2084,4,80,0
2085,4,4,1
2086,0,4,0
2087,0,4,0
2088,0,4,0
2089,4,4,1
2090,4,4,1
2091,4,4,1
2092,4,4,1
2093,4,4,1
2094,4,4,1
2095,4,4,1
2096,4,4,1
2097,4,4,1
2098,4,4,1
2099,4,4,1
2100,4,4,1
2101,4,4,1
2102,4,4,1
2103,4,4,1
2104,4,4,1
2105,4,4,1
2106,4,4,1
2107,4,4,1
2108,4,4,1
2109,4,4,1
2110,4,4,1
2111,4,4,1
2112,4,4,1
2113,4,4,1
2114,4,4,1
2115,4,4,1
2116,4,4,1
2117,4,4,1
2118,4,4,1
2119,4,4,1
2120,4,4,1
2121,4,4,1
2122,4,4,1
2123,4,4,1
2124,4,4,1
2125,4,0,0
2126,4,0,0
2127,4,4,1
2128,0,4,0
2129,0,4,0
2130,0,0,1
2131,0,4,0
2132,0,0,1
2133,0,0,1
2134,4,4,1
2135,0,4,0
2136,0,0,1
2137,0,4,0
2138,0,4,0
2139,0,0,1
2140,4,4,1
2141,0,0,1
2142,0,4,0
2143,0,4,0
2144,0,0,1
2145,0,0,1
2146,4,4,1
2147,0,0,1
2148,0,0,1
2149,4,4,1
2150,0,0,1
2151,0,0,1
2152,4,4,1
2153,0,4,0
2154,0,4,0
2155,0,4,0
2156,0,0,1
2157,4,4,1
2158,0,4,0
2159,0,0,1
2160,4,0,0
2161,4,4,1
2162,0,0,1
2163,0,0,1
2164,4,4,1
2165,0,0,1
2166,0,0,1
2167,4,4,1
2168,0,4,0
2169,0,4,0
2170,0,0,1
2171,4,0,0
2172,4,20,0
2173,0,4,0
2174,0,-16,0
2175,8,0,0
2176,0,0,1
2177,0,0,1
2178,0,0,1
2179,0,16,0
2180,0,-4,0
2181,0,4,0
2182,0,220,0
2183,4,4,1
2184,4,4,1
2185,4,4,1
2186,4,4,1
2187,4,4,1
2188,4,4,1
2189,0,-12,0
2190,8,4,0
2191,0,4,0
2192,0,4,0
2193,0,4,0
2194,0,4,0
2195,0,4,0
2196,4,4,1
2197,4,4,1
2198,4,4,1
2199,4,4,1
2200,4,4,1
2201,4,4,1
2202,4,4,1
2203,4,4,1
2204,4,4,1
2205,4,4,1
2206,4,4,1
2207,4,4,1
2208,4,4,1
2209,4,4,1
2210,4,4,1
2211,4,4,1
2212,4,4,1
2213,4,4,1
2214,4,4,1
2215,4,4,1
2216,4,4,1
2217,4,4,1
2218,4,4,1
2219,4,0,0
2220,4,0,0
2221,4,4,1
2222,0,0,1
2223,4,0,0
2224,4,4,1
2225,0,0,1
2226,0,0,1
2227,4,4,1
2228,0,0,1
2229,0,0,1
2230,4,4,1
2231,0,4,0
2232,0,0,1
2233,0,0,1
2234,4,4,1
2235,0,0,1
2236,0,0,1
2237,4,4,1
2238,0,0,1
2239,0,0,1
2240,4,4,1
2241,0,0,1
2242,0,0,1
2243,4,4,1
2244,0,0,1
2245,0,0,1
2246,4,4,1
2247,0,0,1
2248,0,4,0
2249,0,4,0
2250,0,0,1
2251,0,4,0
2252,0,4,0
2253,0,4,0
2254,0,4,0
2255,0,0,1
2256,4,0,0
2257,4,4,1
2258,0,0,1
2259,4,4,1
2260,0,0,1
2261,0,4,0
2262,0,0,1
2263,0,0,1
2264,4,4,1
2265,0,0,1
2266,4,4,1
2267,0,0,1
2268,0,4,0
2269,0,4,0
2270,0,0,1
2271,4,0,0
2272,4,8,0
2273,0,16,0
2274,0,0,1
2275,0,-16,0
2276,4,4,1
2277,0,-4,0
2278,0,4,0
2279,0,-4,0
2280,0,16,0
2281,0,-4,0
2282,0,8,0
2283,0,-4,0
2284,4,188,0
2285,4,4,1
2286,4,4,1
2287,4,4,1
2288,4,4,1
2289,4,76,0
2290,4,4,1
2291,4,4,1
2292,12,4,0
2293,0,4,0
2294,4,4,1
2295,4,4,1
2296,4,4,1
2297,4,4,1
2298,4,4,1
2299,4,4,1
2300,4,4,1
2301,4,4,1
2302,4,4,1
2303,4,4,1
2304,4,4,1
2305,4,4,1
2306,4,4,1
2307,4,4,1
2308,4,4,1
2309,4,4,1
2310,4,4,1
2311,4,4,1
2312,4,4,1
2313,4,4,1
2314,4,0,0
2315,4,0,0
2316,4,4,1
2317,0,0,1
2318,4,4,1
2319,0,0,1
2320,0,0,1
2321,4,4,1
2322,0,0,1
2323,4,4,1
2324,0,4,0
2325,0,0,1
2326,0,4,0
2327,0,4,0
2328,0,0,1
2329,4,0,0
2330,4,4,1
2331,0,4,0
2332,0,0,1
2333,4,4,1
2334,0,0,1
2335,0,0,1
2336,4,4,1
2337,0,0,1
2338,0,4,0
2339,0,0,1
2340,0,4,0
2341,0,0,1
2342,0,4,0
2343,0,0,1
2344,0,0,1
2345,4,4,1
2346,0,4,0
2347,0,0,1
2348,0,4,0
2349,0,0,1
2350,0,0,1
2351,4,4,1
2352,0,0,1
2353,0,8,0
2354,0,4,0
2355,0,16,0
2356,0,-8,0
2357,4,-8,0
2358,8,4,0
2359,0,4,0
2360,0,0,1
2361,0,4,0
2362,0,-12,0
2363,4,8,0
2364,0,-4,0
2365,0,260,0
2366,4,4,1
2367,4,4,1
2368,4,60,0
2369,4,8,0
2370,8,8,1
2371,8,8,1
2372,4,8,0
2373,12,8,0
2374,8,8,1
2375,8,8,1
2376,8,8,1
2377,8,8,1
2378,8,8,1
2379,8,8,1
2380,8,8,1
2381,8,8,1
2382,8,8,1
2383,8,8,1
2384,8,8,1
2385,8,8,1
2386,8,8,1
2387,8,8,1
2388,8,8,1
2389,8,8,1
2390,8,8,1
2391,8,8,1
2392,8,4,0
2393,4,0,0
2394,0,0,1
2395,4,4,1
2396,0,0,1
2397,4,4,1
2398,0,0,1
2399,0,0,1
2400,4,4,1
2401,0,0,1
2402,4,4,1
2403,0,4,0
2404,0,4,0
2405,0,0,1
2406,4,0,0
2407,4,4,1
2408,0,4,0
2409,0,0,1
2410,4,0,0
2411,4,4,1
2412,0,4,0
2413,0,4,0
2414,0,4,0
2415,0,0,1
2416,4,4,1
2417,0,0,1
2418,0,4,0
2419,0,0,1
2420,0,0,1
2421,4,4,1
2422,0,0,1
2423,4,4,1
2424,0,0,1
2425,0,4,0
2426,0,0,1
2427,0,4,0
2428,0,0,1
2429,0,0,1
2430,4,4,1
2431,0,0,1
2432,4,12,0
2433,0,8,0
2434,0,-12,0
2435,4,12,0
2436,0,-4,0
2437,0,0,1
2438,4,-4,0
2439,0,8,0
2440,0,72,0
2441,0,4,0
2442,0,4,0
2443,4,4,1
2444,0,144,0
2445,4,8,0
2446,4,8,0
2447,4,8,0
2448,4,8,0
2449,4,8,0
2450,4,8,0
2451,4,8,0
2452,8,8,1
2453,8,8,1
2454,8,8,1
2455,8,8,1
2456,8,8,1
2457,8,8,1
2458,8,8,1
2459,8,8,1
2460,8,8,1
2461,8,8,1
2462,8,8,1
2463,8,8,1
2464,8,8,1
2465,8,8,1
2466,8,8,1
2467,8,8,1
2468,8,8,1
2469,8,8,1
2470,8,8,1
2471,8,8,1
2472,8,8,1
2473,8,8,1
2474,8,8,1
2475,8,8,1
2476,8,4,0
2477,4,4,1
2478,4,4,1
2479,4,4,1
2480,4,0,0
2481,4,4,1
2482,0,0,1
2483,0,4,0
2484,0,0,1
2485,0,4,0
2486,0,0,1
2487,0,4,0
2488,0,0,1
2489,0,0,1
2490,4,4,1
2491,0,0,1
2492,4,4,1
2493,0,0,1
2494,0,4,0
2495,0,0,1
2496,0,4,0
2497,0,0,1
2498,0,4,0
2499,0,0,1
2500,0,4,0
2501,0,4,0
2502,0,4,0
2503,0,0,1
2504,4,0,0
2505,4,4,1
2506,0,0,1
2507,4,4,1
2508,0,0,1
2509,0,4,0
2510,0,20,0
2511,0,0,1
2512,0,0,1
2513,4,-4,0
2514,0,12,0
2515,0,-8,0
2516,4,4,1
2517,0,0,1
2518,0,-4,0
2519,8,8,1
2520,0,-20,0
2521,4,20,0
2522,0,228,0
2523,4,4,1
2524,4,4,1
2525,4,4,1
2526,4,4,1
2527,0,-84,0
2528,4,8,0
2529,4,8,0
2530,4,8,0
2531,4,8,0
2532,4,8,0
2533,4,8,0
2534,4,8,0
2535,8,8,1
2536,8,8,1
2537,8,8,1
2538,8,8,1
2539,8,8,1
2540,8,8,1
2541,8,8,1
2542,8,8,1
2543,8,8,1
2544,8,8,1
2545,8,8,1
2546,8,8,1
2547,8,8,1
2548,8,8,1
2549,8,8,1
2550,8,8,1
2551,8,8,1
2552,8,8,1
2553,8,8,1
2554,8,8,1
2555,8,8,1
2556,8,8,1
2557,8,8,1
2558,8,8,1
2559,8,8,1
2560,8,8,1
2561,8,8,1
2562,8,8,1
2563,8,8,1
2564,8,8,1
2565,8,8,1
2566,8,8,1
2567,8,8,1
2568,8,8,1
2569,8,4,0
2570,4,0,0
2571,0,0,1
2572,4,4,1
2573,0,4,0
2574,0,4,0
2575,0,0,1
2576,0,4,0
2577,0,0,1
2578,0,0,1
2579,4,4,1
2580,0,0,1
2581,0,4,0
2582,0,0,1
2583,0,4,0
2584,0,4,0
2585,0,4,0
2586,0,4,0
2587,0,4,0
2588,4,0,0
2589,4,0,0
2590,4,4,1
2591,0,0,1
2592,4,0,0
2593,4,4,1
2594,0,0,1
2595,0,0,1
2596,4,4,1
2597,0,12,0
2598,0,4,0
2599,0,-4,0
2600,4,0,0
2601,0,-4,0
2602,0,8,0
2603,0,-4,0
2604,0,-4,0
2605,8,220,0
2606,4,4,1
2607,4,4,1
2608,4,4,1
2609,4,4,1
2610,4,4,1
2611,4,4,1
2612,0,-128,0
2613,8,8,1
2614,4,8,0
2615,4,8,0
2616,4,8,0
2617,4,8,0
2618,4,8,0
2619,4,8,0
2620,4,8,0
2621,8,8,1
2622,8,8,1
2623,8,8,1
2624,8,8,1
2625,8,8,1
2626,8,8,1
2627,8,8,1
2628,8,8,1
2629,8,8,1
2630,8,8,1
2631,8,8,1
2632,8,4,0
2633,4,0,0
2634,0,0,1
2635,4,4,1
2636,0,0,1
2637,4,0,0
2638,4,4,1
2639,0,0,1
2640,0,4,0
2641,0,0,1
2642,0,4,0
2643,0,0,1
2644,0,0,1
2645,4,4,1
2646,0,4,0
2647,0,4,0
2648,0,0,1
2649,4,4,1
2650,0,0,1
2651,0,0,1
2652,4,4,1
2653,0,4,0
2654,0,0,1
2655,0,4,0
2656,0,0,1
2657,0,4,0
2658,0,0,1
2659,4,4,1
2660,0,0,1
2661,0,0,1
2662,4,4,1
2663,0,4,0
2664,0,0,1
2665,0,0,1
2666,4,4,1
2667,0,0,1
2668,0,4,0
2669,0,0,1
2670,0,0,1
2671,4,4,1
2672,0,0,1
2673,4,4,1
2674,0,4,0
2675,0,0,1
2676,0,0,1
2677,4,4,1
2678,0,0,1
2679,0,0,1
2680,4,4,1
2681,0,4,0
2682,0,0,1
2683,0,0,1
2684,4,4,1
2685,0,0,1
2686,0,0,1
2687,4,4,1
2688,0,0,1
2689,0,28,0
2690,0,-8,0
2691,0,-12,0
2692,16,24,0
2693,0,-20,0
2694,4,20,0
2695,0,-8,0
2696,4,0,0
2697,8,-12,0
2698,4,20,0
2699,0,-20,0
2700,4,8,0
2701,0,16,0
2702,0,4,0
2703,0,0,1
2704,0,0,1
2705,4,-12,0
2706,4,-16,0
2707,4,256,0
2708,4,4,1
2709,4,4,1
2710,4,4,1
2711,4,4,1
2712,4,4,1
2713,4,4,1
2714,0,-36,0
2715,4,8,0
2716,0,8,0
2717,0,8,0
2718,0,8,0
2719,0,8,0
2720,4,8,0
2721,4,8,0
2722,8,8,1
2723,8,8,1
2724,8,8,1
2725,8,8,1
2726,8,8,1
2727,8,8,1
2728,8,8,1
2729,8,8,1
2730,8,8,1
2731,8,8,1
2732,8,8,1
2733,8,8,1
2734,8,8,1
2735,8,8,1
2736,8,8,1
2737,8,8,1
2738,8,8,1
2739,8,8,1
2740,8,8,1
2741,8,8,1
2742,8,8,1
2743,8,8,1
2744,8,8,1
2745,8,8,1
2746,8,8,1
2747,8,8,1
2748,8,8,1
2749,8,8,1
2750,8,8,1
2751,8,8,1
2752,8,8,1
2753,8,8,1
2754,8,8,1
2755,8,8,1
2756,8,8,1
2757,8,8,1
2758,8,8,1
2759,8,8,1
2760,8,8,1
2761,8,8,1
2762,8,8,1
2763,8,4,0
2764,4,0,0
2765,0,4,0
2766,0,0,1
2767,0,4,0
2768,0,0,1
2769,4,0,0
2770,4,4,1
2771,0,0,1
2772,4,4,1
2773,0,4,0
2774,0,4,0
2775,0,0,1
2776,4,0,0
2777,4,4,1
2778,0,0,1
2779,4,0,0
2780,4,4,1
2781,0,4,0
2782,0,0,1
2783,0,4,0
2784,0,0,1
2785,0,4,0
2786,0,0,1
2787,4,12,0
2788,0,4,0
2789,0,-4,0
2790,4,4,1
2791,0,24,0
2792,0,0,1
2793,0,-32,0
2794,12,20,0
2795,0,-12,0
2796,4,-4,0
2797,0,4,0
2798,0,-4,0
2799,4,12,0
2800,0,16,0
2801,0,-12,0
2802,4,4,1
2803,0,-8,0
2804,0,-16,0
2805,16,116,0
2806,0,4,0
2807,4,4,1
2808,0,4,0
2809,0,-56,0
2810,0,12,0
2811,8,12,0
2812,8,12,0
2813,4,12,0
2814,4,12,0
2815,8,12,0
2816,8,12,0
2817,12,12,1
2818,12,12,1
2819,12,12,1
2820,12,12,1
2821,12,12,1
2822,12,12,1
2823,12,12,1
2824,12,12,1
2825,12,12,1
2826,12,12,1
2827,12,12,1
2828,12,12,1
2829,12,12,1
2830,12,12,1
2831,12,12,1
2832,12,12,1
2833,12,12,1
2834,12,12,1
2835,12,12,1
2836,12,4,0
2837,4,0,0
2838,4,0,0
2839,4,4,1
2840,0,0,1
2841,4,4,1
2842,0,0,1
2843,0,4,0
2844,0,0,1
2845,0,4,0
2846,0,0,1
2847,0,4,0
2848,0,0,1
2849,0,0,1
2850,4,4,1
2851,0,0,1
2852,4,0,0
2853,4,4,1
2854,0,0,1
2855,0,0,1
2856,4,4,1
2857,0,0,1
2858,0,4,0
2859,0,4,0
2860,0,0,1
2861,0,0,1
2862,4,4,1
2863,0,0,1
2864,0,4,0
2865,0,0,1
2866,0,0,1
2867,4,4,1
2868,0,0,1
2869,4,4,1
2870,0,0,1
2871,0,0,1
2872,4,4,1
2873,0,0,1
2874,4,4,1
2875,0,0,1
2876,0,0,1
2877,4,4,1
2878,0,0,1
2879,4,0,0
2880,4,4,1
2881,0,4,0
2882,0,0,1
2883,0,4,0
2884,0,0,1
2885,0,4,0
2886,0,0,1
2887,4,0,0
2888,4,4,1
2889,0,0,1
2890,4,0,0
2891,4,4,1
2892,0,0,1
2893,0,0,1
2894,4,4,1
2895,0,0,1
2896,0,4,0
2897,0,0,1
2898,0,28,0
2899,0,-16,0
2900,4,8,0
2901,0,-12,0
2902,4,20,0
2903,0,-12,0
2904,4,0,0
2905,4,4,1
2906,0,-4,0
2907,8,12,0
2908,0,-8,0
2909,0,0,1
2910,8,96,0
2911,0,4,0
2912,0,4,0
2913,0,-28,0
2914,4,12,0
2915,4,12,0
2916,4,12,0
2917,4,12,0
2918,8,12,0
2919,4,12,0
2920,8,12,0
2921,12,12,1
2922,12,12,1
2923,12,12,1
2924,12,12,1
2925,12,12,1
2926,12,12,1
2927,12,12,1
2928,12,12,1
2929,12,12,1
2930,12,12,1
2931,12,12,1
2932,12,12,1
2933,12,12,1
2934,12,12,1
2935,12,12,1
2936,12,12,1
2937,12,12,1
2938,12,12,1
2939,12,12,1
2940,12,12,1
2941,12,12,1
2942,12,12,1
2943,12,12,1
2944,12,4,0
2945,4,0,0
2946,4,4,1
2947,0,0,1
2948,4,4,1
2949,0,0,1
2950,0,4,0
2951,0,4,0
2952,0,4,0
2953,0,0,1
2954,4,4,1
2955,0,4,0
2956,0,4,0
2957,0,4,0
2958,0,4,0
2959,0,0,1
2960,4,4,1
2961,0,0,1
2962,0,0,1
2963,4,4,1
2964,0,0,1
2965,0,0,1
2966,4,4,1
2967,0,0,1
2968,0,4,0
2969,0,0,1
2970,0,4,0
2971,0,4,0
2972,0,4,0
2973,0,0,1
2974,4,4,1
2975,0,0,1
2976,0,4,0
2977,0,4,0
2978,0,0,1
2979,0,4,0
2980,0,4,0
2981,0,4,0
2982,0,0,1
2983,4,0,0
2984,4,4,1
2985,0,0,1
2986,4,4,1
2987,0,0,1
2988,0,4,0
2989,0,0,1
2990,0,0,1
2991,4,4,1
2992,0,0,1
2993,4,0,0
2994,4,24,0
2995,0,12,0
2996,0,-16,0
2997,4,16,0
2998,0,-4,0
2999,0,-4,0
3000,4,8,0
3001,0,-12,0
3002,4,4,1
3003,0,-12,0
3004,0,20,0
3005,0,-12,0
3006,4,8,0
3007,0,-12,0
3008,4,12,0
3009,0,-24,0
3010,4,116,0
3011,4,4,1
3012,4,4,1
3013,4,4,1
3014,4,4,1
3015,4,-100,0
3016,4,12,0
3017,4,12,0
3018,4,12,0
3019,4,12,0
3020,4,12,0
3021,8,12,0
3022,8,12,0
3023,8,12,0
3024,12,12,1
3025,12,12,1
3026,12,12,1
3027,12,12,1
3028,12,12,1
3029,12,12,1
3030,12,12,1
3031,12,12,1
3032,12,12,1
3033,12,12,1
3034,12,12,1
3035,12,12,1
3036,12,12,1
3037,12,12,1
3038,12,12,1
3039,12,12,1
3040,12,12,1
3041,12,12,1
3042,12,12,1
3043,12,12,1
3044,12,12,1
3045,12,12,1
3046,12,12,1
3047,12,12,1
3048,12,12,1
3049,12,12,1
3050,12,12,1
3051,12,12,1
3052,12,12,1
3053,12,12,1
3054,12,12,1
3055,12,12,1
3056,12,4,0
3057,4,0,0
3058,4,4,1
3059,0,0,1
3060,4,4,1
3061,0,0,1
3062,0,0,1
3063,4,4,1
3064,0,0,1
3065,4,4,1
3066,0,0,1
3067,0,4,0
3068,0,0,1
3069,0,0,1
3070,4,4,1
3071,0,4,0
3072,0,0,1
3073,0,0,1
3074,4,4,1
3075,0,4,0
3076,0,4,0
3077,0,0,1
3078,0,0,1
3079,4,4,1
3080,0,0,1
3081,4,0,0
3082,4,4,1
3083,0,0,1
3084,0,0,1
3085,4,4,1
3086,0,0,1
3087,0,0,1
3088,4,4,1
3089,0,0,1
3090,0,4,0
3091,0,0,1
3092,0,4,0
3093,0,4,0
3094,0,8,0
3095,0,8,0
3096,0,4,0
3097,0,4,0
3098,4,-8,0
3099,4,8,0
3100,0,0,1
3101,0,0,1
3102,0,-8,0
3103,4,-4,0
3104,4,264,0
3105,4,4,1
3106,4,4,1
3107,4,4,1
3108,4,-328,0
3109,4,4,1
3110,16,4,0
3111,12,4,0
3112,8,4,0
3113,8,4,0
3114,8,4,0
3115,8,4,0
3116,4,4,1
3117,4,4,1
3118,4,4,1
3119,4,4,1
3120,4,4,1
3121,4,4,1
3122,4,4,1
3123,4,4,1
3124,4,4,1
3125,4,4,1
3126,4,4,1
3127,4,4,1
3128,4,4,1
3129,4,4,1
3130,4,4,1
3131,4,4,1
3132,4,4,1
3133,4,4,1
3134,4,4,1
3135,4,4,1
3136,4,4,1
3137,4,4,1
3138,4,4,1
3139,4,4,1
3140,4,4,1
3141,4,0,0
3142,4,4,1
3143,0,4,0
3144,0,4,0
3145,0,0,1
3146,4,4,1
3147,0,0,1
3148,0,4,0
3149,0,0,1
3150,0,0,1
3151,4,4,1
3152,0,4,0
3153,0,0,1
3154,0,0,1
3155,4,4,1
3156,0,0,1
3157,0,4,0
3158,0,0,1
3159,0,0,1
3160,4,4,1
3161,0,4,0
3162,0,4,0
3163,0,4,0
3164,0,0,1
3165,4,4,1
3166,0,0,1
3167,0,0,1
3168,4,4,1
3169,0,4,0
3170,0,0,1
3171,0,4,0
3172,0,4,0
3173,0,0,1
3174,4,0,0
3175,4,4,1
3176,0,0,1
3177,0,0,1
3178,4,4,1
3179,0,0,1
3180,0,0,1
3181,4,4,1
3182,0,0,1
3183,0,0,1
3184,4,4,1
3185,0,0,1
3186,0,4,0
3187,0,0,1
3188,0,0,1
3189,4,4,1
3190,0,32,0
3191,0,0,1
3192,0,-12,0
3193,8,16,0
3194,0,-16,0
3195,4,-12,0
3196,16,32,0
3197,0,-24,0
3198,4,-8,0
3199,16,20,0
3200,0,-12,0
3201,8,20,0
3202,0,-16,0
3203,4,-12,0
3204,28,32,0
3205,-4,-16,0
3206,4,-8,0
3207,12,16,0
3208,0,176,0
3209,4,4,1
3210,4,4,1
3211,4,72,0
3212,8,8,1
3213,8,8,1
3214,8,8,1
3215,4,8,0
3216,8,8,1
3217,8,8,1
3218,8,8,1
3219,8,8,1
3220,8,8,1
3221,8,8,1
3222,8,8,1
3223,8,8,1
3224,8,8,1
3225,8,8,1
3226,8,8,1
3227,8,8,1
3228,8,8,1
3229,8,8,1
3230,8,8,1
3231,8,8,1
3232,8,8,1
3233,8,8,1
3234,8,8,1
3235,8,8,1
3236,8,8,1
3237,8,8,1
3238,8,8,1
3239,8,8,1
3240,8,8,1
3241,8,8,1
3242,8,8,1
3243,8,8,1
3244,8,8,1
3245,8,8,1
3246,8,8,1
3247,8,8,1
3248,8,8,1
3249,8,8,1
3250,8,8,1
3251,8,8,1
3252,8,8,1
3253,8,4,0
3254,4,0,0
3255,0,0,1
3256,4,4,1
3257,0,0,1
3258,4,4,1
3259,0,0,1
3260,0,0,1
3261,4,4,1
3262,0,4,0
3263,0,4,0
3264,0,0,1
3265,4,4,1
3266,0,0,1
3267,0,0,1
3268,4,4,1
3269,0,0,1
3270,0,4,0
3271,0,0,1
3272,0,4,0
3273,0,0,1
3274,0,0,1
3275,4,4,1
3276,0,0,1
3277,4,0,0
3278,4,4,1
3279,0,0,1
3280,0,0,1
3281,4,4,1
3282,0,4,0
3283,0,0,1
3284,0,0,1
3285,4,4,1
3286,0,0,1
3287,0,4,0
3288,0,0,1
3289,0,4,0
3290,0,0,1
3291,0,4,0
3292,0,4,0
3293,0,4,0
3294,0,0,1
3295,4,4,1
3296,0,0,1
3297,0,0,1
3298,4,4,1
3299,0,0,1
3300,0,0,1
3301,4,4,1
3302,0,8,0
3303,0,20,0
3304,0,-12,0
3305,4,4,1
3306,4,8,0
3307,0,-8,0
3308,4,12,0
3309,0,-8,0
3310,4,12,0
3311,0,-8,0
3312,4,-12,0
3313,16,16,1
3314,0,-12,0
3315,4,4,1
3316,0,-12,0
3317,4,-4,0
3318,12,204,0
3319,4,4,1
3320,4,4,1
3321,4,-128,0
3322,16,12,0
3323,8,12,0
3324,12,12,1
3325,8,12,0
3326,8,12,0
3327,8,12,0
3328,8,12,0
3329,8,12,0
3330,12,12,1
3331,12,12,1
3332,12,12,1
3333,12,12,1
3334,12,12,1
3335,12,12,1
3336,12,12,1
3337,12,12,1
3338,12,12,1
3339,12,12,1
3340,12,12,1
3341,12,12,1
3342,12,12,1
3343,12,12,1
3344,12,12,1
3345,12,12,1
3346,12,12,1
3347,12,12,1
3348,12,12,1
3349,12,12,1
3350,12,12,1
3351,12,12,1
3352,12,12,1
3353,12,12,1
3354,12,12,1
3355,12,12,1
3356,12,12,1
3357,12,12,1
3358,12,12,1
3359,12,12,1
3360,12,12,1
3361,12,12,1
3362,12,12,1
3363,12,12,1
3364,12,12,1
3365,12,12,1
3366,12,12,1
3367,12,12,1
3368,12,12,1
3369,12,12,1
3370,12,4,0
3371,4,0,0
3372,4,0,0
3373,4,4,1
3374,0,0,1
3375,4,4,1
3376,0,4,0
3377,0,0,1
3378,0,4,0
3379,0,0,1
3380,0,4,0
3381,0,0,1
3382,4,0,0
3383,4,4,1
3384,0,4,0
3385,0,0,1
3386,0,4,0
3387,0,0,1
3388,0,4,0
3389,0,4,0
3390,0,4,0
3391,0,0,1
3392,4,4,1
3393,0,4,0
3394,0,4,0
3395,0,0,1
3396,4,4,1
3397,0,4,0
3398,0,0,1
3399,4,4,1
3400,0,4,0
3401,0,4,0
3402,0,0,1
3403,4,4,1
3404,0,0,1
3405,0,0,1
3406,4,4,1
3407,0,0,1
3408,0,4,0
3409,0,0,1
3410,0,0,1
3411,4,4,1
3412,0,0,1
3413,4,16,0
3414,0,12,0
3415,0,0,1
3416,0,0,1
3417,4,-4,0
3418,0,-4,0
3419,4,0,0
3420,0,8,0
3421,0,-16,0
3422,8,4,0
3423,0,12,0
3424,0,-12,0
3425,8,124,0
3426,0,4,0
3427,4,4,1
3428,4,4,1
3429,0,4,0
3430,4,-316,0
3431,8,12,0
3432,8,12,0
3433,8,12,0
3434,8,12,0
3435,8,12,0
3436,8,12,0
3437,8,12,0
3438,8,12,0
3439,12,12,1
3440,12,12,1
3441,12,12,1
3442,12,12,1
3443,12,12,1
3444,12,12,1
3445,12,12,1
3446,12,12,1
3447,12,12,1
3448,12,12,1
3449,12,12,1
3450,12,12,1
3451,12,12,1
3452,12,12,1
3453,12,12,1
3454,12,12,1
3455,12,12,1
3456,12,12,1
3457,12,12,1
3458,12,12,1
3459,12,4,0
3460,4,4,1
3461,4,0,0
3462,4,4,1
3463,0,0,1
3464,4,0,0
3465,4,4,1
3466,0,0,1
3467,0,0,1
3468,4,4,1
3469,0,4,0
3470,0,0,1
3471,0,4,0
3472,0,0,1
3473,0,4,0
3474,0,0,1
3475,4,4,1
3476,0,4,0
3477,0,4,0
3478,0,0,1
3479,4,0,0
3480,4,4,1
3481,0,4,0
3482,0,4,0
3483,0,4,0
3484,0,4,0
3485,0,4,0
3486,4,0,0
3487,4,4,1
3488,0,0,1
3489,0,0,1
3490,4,4,1
3491,0,4,0
3492,0,4,0
3493,0,4,0
3494,0,0,1
3495,4,4,1
3496,0,4,0
3497,0,0,1
3498,4,0,0
3499,4,4,1
3500,0,0,1
3501,0,4,0
3502,0,0,1
3503,0,0,1
3504,4,4,1
3505,0,0,1
3506,4,4,1
3507,0,0,1
3508,0,24,0
3509,0,16,0
3510,0,0,1
3511,0,-12,0
3512,4,4,1
3513,0,-16,0
3514,4,20,0
3515,0,-4,0
3516,0,8,0
3517,0,-24,0
3518,4,20,0
3519,0,-12,0
3520,4,-12,0
3521,12,0,0
3522,0,16,0
3523,0,-12,0
3524,0,-8,0
3525,8,12,0
3526,0,212,0
3527,4,4,1
3528,4,4,1
3529,4,4,1
3530,4,-180,0
3531,4,12,0
3532,12,12,1
3533,8,12,0
3534,8,12,0
3535,4,12,0
3536,8,12,0
3537,8,12,0
3538,8,12,0
3539,12,12,1
3540,12,12,1
3541,12,12,1
3542,12,12,1
3543,12,12,1
3544,12,12,1
3545,12,12,1
3546,12,12,1
3547,12,12,1
3548,12,12,1
3549,12,12,1
3550,12,12,1
3551,12,12,1
3552,12,12,1
3553,12,12,1
3554,12,12,1
3555,12,12,1
3556,12,12,1
3557,12,12,1
3558,12,12,1
3559,12,12,1
3560,12,12,1
3561,12,12,1
3562,12,12,1
3563,12,12,1
3564,12,12,1
3565,12,12,1
3566,12,12,1
3567,12,12,1
3568,12,12,1
3569,12,12,1
3570,12,12,1
3571,12,12,1
3572,12,12,1
3573,12,12,1
3574,12,12,1
3575,12,12,1
3576,12,12,1
3577,12,12,1
3578,12,4,0
3579,4,0,0
3580,4,0,0
3581,4,4,1
3582,0,0,1
3583,4,4,1
3584,0,4,0
3585,0,4,0
3586,0,0,1
3587,4,0,0
3588,4,4,1
3589,0,0,1
3590,4,0,0
3591,4,4,1
3592,0,0,1
3593,0,0,1
3594,4,4,1
3595,0,4,0
3596,0,4,0
3597,0,4,0
3598,0,4,0
3599,0,4,0
3600,4,0,0
3601,4,4,1
3602,0,4,0
3603,0,0,1
3604,4,0,0
3605,4,4,1
3606,0,0,1
3607,0,4,0
3608,0,4,0
3609,0,0,1
3610,0,4,0
3611,0,0,1
3612,0,0,1
3613,4,4,1
3614,0,8,0
3615,0,12,0
3616,0,-12,0
3617,4,8,0
3618,0,-4,0
3619,0,8,0
3620,0,-12,0
3621,4,12,0
3622,0,200,0
3623,4,4,1
3624,4,4,1
3625,4,4,1
3626,4,4,1
3627,0,-368,0
3628,4,12,0
3629,12,12,1
3630,12,12,1
3631,12,12,1
3632,12,12,1
3633,8,12,0
3634,8,12,0
3635,8,12,0
3636,12,12,1
3637,12,12,1
3638,12,12,1
3639,12,12,1
3640,12,12,1
3641,12,12,1
3642,12,12,1
3643,12,12,1
3644,12,12,1
3645,12,12,1
3646,12,12,1
3647,12,12,1
3648,12,12,1
3649,12,12,1
3650,12,12,1
3651,12,12,1
3652,12,12,1
3653,12,4,0
3654,4,0,0
3655,4,4,1
3656,0,0,1
3657,4,4,1
3658,0,4,0
3659,0,0,1
3660,4,4,1
3661,0,4,0
3662,0,4,0
3663,0,4,0
3664,0,4,0
3665,0,0,1
3666,4,4,1
3667,0,0,1
3668,0,0,1
3669,4,4,1
3670,0,4,0
3671,0,4,0
3672,0,4,0
3673,0,0,1
3674,4,4,1
3675,0,4,0
3676,0,0,1
3677,4,12,0
3678,0,0,1
3679,0,0,1
3680,4,4,1
3681,0,4,0
3682,0,-8,0
3683,4,8,0
3684,0,-4,0
3685,0,120,0
3686,0,4,0
3687,4,4,1
3688,4,4,1
3689,4,0,0
3690,4,8,0
3691,4,8,0
3692,4,8,0
3693,8,8,1
3694,4,8,0
3695,4,8,0
3696,8,8,1
3697,8,8,1
3698,8,8,1
3699,8,8,1
3700,8,8,1
3701,8,8,1
3702,8,8,1
3703,8,8,1
3704,8,8,1
3705,8,8,1
3706,8,8,1
3707,8,8,1
3708,8,8,1
3709,8,8,1
3710,8,8,1
3711,8,8,1
3712,8,8,1
3713,8,8,1
3714,8,8,1
3715,8,8,1
3716,8,8,1
3717,8,8,1
3718,8,4,0
3719,4,0,0
3720,0,0,1
3721,4,4,1
3722,0,0,1
3723,4,4,1
3724,0,0,1
3725,0,0,1
3726,4,4,1
3727,0,0,1
3728,4,0,0
3729,4,4,1
3730,0,0,1
3731,0,4,0
3732,0,4,0
3733,0,0,1
3734,0,0,1
3735,4,4,1
3736,0,4,0
3737,0,4,0
3738,0,0,1
3739,0,0,1
3740,4,4,1
3741,0,0,1
3742,4,4,1
3743,0,4,0
3744,0,0,1
3745,0,4,0
3746,0,0,1
3747,0,32,0
3748,0,-20,0
3749,4,0,0
3750,8,16,0
3751,0,-20,0
3752,8,8,1
3753,0,-4,0
3754,0,-4,0
3755,12,32,0
3756,0,-32,0
3757,4,0,0
3758,16,32,0
3759,0,-28,0
3760,8,24,0
3761,0,-28,0
3762,4,4,1
3763,12,-4,0
3764,4,24,0
3765,0,192,0
3766,4,4,1
3767,4,4,1
3768,4,4,1
3769,4,4,1
3770,0,-8,0
3771,4,4,1
3772,0,4,0
3773,4,4,1
3774,0,4,0
3775,0,4,0
3776,0,4,0
3777,4,4,1
3778,4,4,1
3779,4,4,1
3780,4,4,1
3781,4,4,1
3782,4,4,1
3783,4,4,1
3784,4,4,1
3785,4,4,1
3786,4,4,1
3787,4,4,1
3788,4,4,1
3789,4,4,1
3790,4,4,1
3791,4,4,1
3792,4,4,1
3793,4,4,1
3794,4,4,1
3795,4,4,1
3796,4,4,1
3797,4,4,1
3798,4,4,1
3799,4,0,0
3800,4,4,1
3801,0,0,1
3802,0,0,1
3803,4,4,1
3804,0,0,1
3805,0,0,1
3806,4,4,1
3807,0,0,1
3808,0,4,0
3809,0,4,0
3810,0,4,0
3811,0,0,1
3812,4,0,0
3813,4,4,1
3814,0,0,1
3815,4,4,1
3816,0,0,1
3817,0,4,0
3818,0,0,1
3819,0,4,0
3820,0,4,0
3821,0,0,1
3822,4,0,0
3823,4,4,1
3824,0,0,1
3825,0,0,1
3826,4,4,1
3827,0,0,1
3828,0,0,1
3829,4,4,1
3830,0,0,1
3831,0,0,1
3832,4,4,1
3833,0,4,0
3834,0,4,0
3835,0,4,0
3836,0,0,1
3837,4,0,0
3838,4,4,1
3839,0,0,1
3840,4,28,0
3841,0,-8,0
3842,0,8,0
3843,0,0,1
3844,0,-20,0
3845,8,8,1
3846,0,8,0
3847,0,0,1
3848,0,-16,0
3849,4,4,1
3850,0,8,0
3851,0,4,0
3852,0,92,0
3853,0,4,0
3854,4,4,1
3855,4,4,1
3856,4,4,1
3857,4,4,1
